,date,daily_return
0,2019-01-02,0.0
1,2019-01-03,-0.017355936334883696
2,2019-01-04,0.04026079298623501
3,2019-01-07,0.02055902024282548
4,2019-01-08,0.005317407024829085
5,2019-01-09,0.0060811681895709055
6,2019-01-10,0.015233128217572538
7,2019-01-11,0.0013183959175892305
8,2019-01-14,-0.004551790193853639
9,2019-01-15,0.010106639531954467
10,2019-01-16,0.010319405538840672
11,2019-01-17,0.003671438915613494
12,2019-01-18,0.012533822205069354
13,2019-01-22,-0.01905589133205152
14,2019-01-23,-0.00368382183922473
15,2019-01-24,-0.0038801207283024513
16,2019-01-25,0.01754338104957852
17,2019-01-28,-0.012453669481310738
18,2019-01-29,-0.006694685055253708
19,2019-01-30,0.01624645084159136
20,2019-01-31,0.02817927606267469
21,2019-02-01,0.003813164792398259
22,2019-02-04,0.007371484709220473
23,2019-02-05,0.010547745421773775
24,2019-02-06,-0.007805985364904809
25,2019-02-07,-0.01635387811547892
26,2019-02-08,-0.00038031966993354045
27,2019-02-11,0.003088285124356664
28,2019-02-12,0.012820520599052245
29,2019-02-13,0.008641878367409416
30,2019-02-14,-0.005128381644092714
31,2019-02-15,0.012712770304328436
32,2019-02-19,0.0012967362824632734
33,2019-02-20,0.003176531638889383
34,2019-02-21,-0.00956658069331607
35,2019-02-22,0.017327904846460712
36,2019-02-25,0.010876152560656731
37,2019-02-26,0.010022515700270407
38,2019-02-27,0.008240664205644042
39,2019-02-28,-0.013711423323284904
40,2019-03-01,0.008335040882566059
41,2019-03-04,-0.005921328419377276
42,2019-03-05,-0.012273957202576277
43,2019-03-06,-0.02289848994078253
44,2019-03-07,0.002459998244441708
45,2019-03-08,-0.0005874543910750554
46,2019-03-11,0.019458669932019387
47,2019-03-12,0.002196770848388054
48,2019-03-13,0.013027493183210791
49,2019-03-14,0.009725769489860845
50,2019-03-15,-0.00755904603601689
51,2019-03-18,0.008328612866177146
52,2019-03-19,-0.005262852191454231
53,2019-03-20,-0.004129930783032149
54,2019-03-21,0.010355769202747441
55,2019-03-22,-0.02169865063564413
56,2019-03-25,-0.0002648456845812568
57,2019-03-26,0.017431045295358296
58,2019-03-27,-0.011644388894544274
59,2019-03-28,0.0021033367614306446
60,2019-03-29,0.0075683736566568025
61,2019-04-01,0.017201976557609945
62,2019-04-02,0.004222191410914727
63,2019-04-03,0.0005869111008245382
64,2019-04-04,-0.006015799508916476
65,2019-04-05,0.003836352031160652
66,2019-04-08,-0.006962715184340867
67,2019-04-09,-0.010996495048113984
68,2019-04-10,0.0024045316311182004
69,2019-04-11,-0.002660403444918289
70,2019-04-12,0.0009156398337515433
71,2019-04-15,-0.0026203407403674953
72,2019-04-16,0.0026536563376005676
73,2019-04-17,-0.009743034821150286
74,2019-04-18,0.003976279371070687
75,2019-04-22,0.006095063200716065
76,2019-04-23,0.014531810866271483
77,2019-04-24,-0.008925652838175405
78,2019-04-25,0.0003079429069245906
79,2019-04-26,0.0010455457504510374
80,2019-04-29,0.00304232297431848
81,2019-04-30,0.00816938683641954
82,2019-05-01,-0.011476837450447386
83,2019-05-02,-0.0033295798667869717
84,2019-05-03,0.015046697467847777
85,2019-05-06,-0.003613937545806029
86,2019-05-07,-0.02035907582367744
87,2019-05-08,-0.0011370502034798442
88,2019-05-09,-0.004054339926915839
89,2019-05-10,0.005467192757904645
90,2019-05-13,-0.02980685025477978
91,2019-05-14,0.01461407021030376
92,2019-05-15,0.004596553082983911
93,2019-05-16,0.009765529513194725
94,2019-05-17,-0.009657640467479243
95,2019-05-20,-0.008733763539902822
96,2019-05-21,0.01064883512617399
97,2019-05-22,0.00045082805120857526
98,2019-05-23,-0.0207056448611451
99,2019-05-24,0.010001029689695998
100,2019-05-28,-0.006225046854947151
101,2019-05-29,-0.013541462245514668
102,2019-05-30,0.003222508642026549
103,2019-05-31,-0.016207961355740593
104,2019-06-03,-0.006951313247989933
105,2019-06-04,0.0365184512760577
106,2019-06-05,0.004496637894400902
107,2019-06-06,0.0017432512238366054
108,2019-06-07,0.011629134058661424
109,2019-06-10,0.0068338427436330455
110,2019-06-11,-0.0032716319030364235
111,2019-06-12,-0.0036480219615226527
112,2019-06-13,0.0011835702095938613
113,2019-06-14,-0.004445496562346394
114,2019-06-17,0.002282111953688352
115,2019-06-18,0.017680811509621936
116,2019-06-19,0.01195518507895184
117,2019-06-20,0.017945502172010998
118,2019-06-21,-0.0026796431364360432
119,2019-06-24,-0.008590437765178177
120,2019-06-25,-0.014440845092593232
121,2019-06-26,0.0003707227982690637
122,2019-06-27,0.006707405431354251
123,2019-06-28,0.012183139304578483
124,2019-07-01,0.006462058915668771
125,2019-07-02,-0.0029744822274453487
126,2019-07-03,0.010243955023633254
127,2019-07-05,-0.0067106016890113585
128,2019-07-08,-0.008384234274399114
129,2019-07-09,0.004115561535091406
130,2019-07-10,0.004176922109378612
131,2019-07-11,0.0018754106602313515
132,2019-07-12,0.009744911539050615
133,2019-07-15,-0.0037322637950748055
134,2019-07-16,-0.003669434442825167
135,2019-07-17,-0.007036591346688088
136,2019-07-18,0.005006812374799851
137,2019-07-19,-0.007660624077745314
138,2019-07-22,0.0054178531927748805
139,2019-07-23,0.011376152773248731
140,2019-07-24,0.0011106015601621006
141,2019-07-25,-0.011507187029722216
142,2019-07-26,0.004251143499914965
143,2019-07-29,-0.006926466816862513
144,2019-07-30,0.0018204027046076108
145,2019-07-31,-0.010604212072762943
146,2019-08-01,-0.003596461618511992
147,2019-08-02,-0.011577126138355738
148,2019-08-05,-0.03251057782059659
149,2019-08-06,0.011907230643722734
150,2019-08-07,-0.006239036095936151
151,2019-08-08,0.024773038172710298
152,2019-08-09,-0.010331662411802545
153,2019-08-12,-0.015877528732813825
154,2019-08-13,0.019272031735848464
155,2019-08-14,-0.03412073105275823
156,2019-08-15,-0.01935441626152362
157,2019-08-16,0.030133098691161767
158,2019-08-19,0.006651294403702003
159,2019-08-20,-0.01359728406313829
160,2019-08-21,0.005432378019168101
161,2019-08-22,-0.002834855159359191
162,2019-08-23,-0.018315755760649546
163,2019-08-26,0.012621164324865812
164,2019-08-27,-0.007183575971129395
165,2019-08-28,-0.0009335753263169419
166,2019-08-29,0.015337010376863016
167,2019-08-30,0.004308336640297349
168,2019-09-03,-0.0049829027337103616
169,2019-09-04,0.014071412257427978
170,2019-09-05,0.014510467646301147
171,2019-09-06,-0.004285204192747383
172,2019-09-09,-0.00620426605199329
173,2019-09-10,-0.0038304670965876005
174,2019-09-11,0.007222202476691337
175,2019-09-12,0.0005825635934599199
176,2019-09-13,0.00705342223675795
177,2019-09-16,0.007321036280008759
178,2019-09-17,-0.002366228212203495
179,2019-09-18,-0.004342069389433914
180,2019-09-19,0.0017895594833487309
181,2019-09-20,-0.0034641550409859395
182,2019-09-23,-0.0032718312032847274
183,2019-09-24,-0.021483560503395074
184,2019-09-25,0.00900101874312597
185,2019-09-26,-0.0010172204266298722
186,2019-09-27,-0.007956038251575943
187,2019-09-30,-0.0009935147583002507
188,2019-10-01,-0.020088328817627822
189,2019-10-02,-0.017980114039983543
190,2019-10-03,0.01506807962929545
191,2019-10-04,0.00920397518201609
192,2019-10-07,-0.003552930945936798
193,2019-10-08,-0.021865962732047935
194,2019-10-09,0.009462070548939874
195,2019-10-10,0.010658465531455729
196,2019-10-11,0.017973448258346795
197,2019-10-14,0.0004755896573085699
198,2019-10-15,0.011052343773037808
199,2019-10-16,-0.008379481811729692
200,2019-10-17,0.0027008160422704102
201,2019-10-18,-0.008133227979738469
202,2019-10-21,0.01213596821704891
203,2019-10-22,0.005094740622812902
204,2019-10-23,0.00644843948443688
205,2019-10-24,0.004843653616619242
206,2019-10-25,0.00362394850546016
207,2019-10-28,0.0019797863162742428
208,2019-10-29,0.0027452686591119702
209,2019-10-30,0.023419353095285072
210,2019-10-31,-0.008463607893402208
211,2019-11-01,0.02033369996393022
212,2019-11-04,0.01622981884628617
213,2019-11-05,0.008413827350814619
214,2019-11-06,-0.005611653618318212
215,2019-11-07,0.013803931703623342
216,2019-11-08,0.005592935997128094
217,2019-11-11,-0.0036993887875083308
218,2019-11-12,0.002048712793542042
219,2019-11-13,-0.0006724972329635603
220,2019-11-14,0.0008179730065797405
221,2019-11-15,0.012763678337228813
222,2019-11-18,-0.0012444169167330065
223,2019-11-19,0.008379802477145652
224,2019-11-20,-0.0013504359547448991
225,2019-11-21,0.0034737758804653154
226,2019-11-22,-0.003727018954934941
227,2019-11-25,0.007291111600877502
228,2019-11-26,-0.0016806150448601645
229,2019-11-27,-0.0006766305898954842
230,2019-11-29,-0.003256927719925494
231,2019-12-02,-0.008123639313549877
232,2019-12-03,-0.008161958650532186
233,2019-12-04,0.004725150597367837
234,2019-12-05,-0.0021453358400394563
235,2019-12-06,0.013457294776131563
236,2019-12-09,-0.004678171481058462
237,2019-12-10,-0.004068139684784501
238,2019-12-11,-0.0022930039977442085
239,2019-12-12,0.016824737438013018
240,2019-12-13,0.004369996010981928
241,2019-12-16,0.00693148074908404
242,2019-12-17,-0.005072793194798003
243,2019-12-18,0.0015025964486255416
244,2019-12-19,0.0016643138935386228
245,2019-12-20,0.004922107638461372
246,2019-12-23,0.002553945267122167
247,2019-12-24,-0.0007482837126005293
248,2019-12-26,0.004386025724437265
249,2019-12-27,-0.0009455677990683118
250,2019-12-30,-0.00824552317394717
251,2019-12-31,0.0026266400542517042
252,2020-01-02,0.022745638976861805
253,2020-01-03,-0.006972350612783735
254,2020-01-06,0.009889194414873893
255,2020-01-07,-0.0032587631340196205
256,2020-01-08,0.009575599048629995
257,2020-01-09,0.004663302342025746
258,2020-01-10,-0.005481677410792251
259,2020-01-13,0.011541061716645366
260,2020-01-14,-0.002580576177216352
261,2020-01-15,0.00027373155429450736
262,2020-01-16,0.014471995512045954
263,2020-01-17,0.00798789066024384
264,2020-01-21,-0.009123671396803552
265,2020-01-22,-0.0018699901088847833
266,2020-01-23,0.00321121593560779
267,2020-01-24,-0.008825661730380206
268,2020-01-27,-0.018090499617427466
269,2020-01-28,0.016414689093557807
270,2020-01-29,0.012353556085160578
271,2020-01-30,0.001892915318427623
272,2020-01-31,-0.02405846003760103
273,2020-02-03,0.001901087869913659
274,2020-02-04,0.02200724320345345
275,2020-02-05,0.013985304551210371
276,2020-02-06,0.0012811598224477245
277,2020-02-07,-0.0023252129098746323
278,2020-02-10,0.006868701990689922
279,2020-02-11,0.003407359342311401
280,2020-02-12,0.006870212641727947
281,2020-02-13,-0.006177473874266902
282,2020-02-14,0.005765726851227897
283,2020-02-18,-0.0034973500103385735
284,2020-02-19,0.006125304728135663
285,2020-02-20,-0.01604396331223712
286,2020-02-21,-0.013799504338222461
287,2020-02-24,-0.0412894443049446
288,2020-02-25,-0.02989344648297838
289,2020-02-26,-0.01138243453934295
290,2020-02-27,-0.04454804764376072
291,2020-02-28,0.01432778835941974
292,2020-03-02,0.04138179482817878
293,2020-03-03,-0.03633224827058909
294,2020-03-04,0.038445451165313886
295,2020-03-05,-0.04069801966364088
296,2020-03-06,-0.03800275252446603
297,2020-03-09,-0.09400177364090238
298,2020-03-10,0.056876224001031546
299,2020-03-11,-0.049850278014166534
300,2020-03-12,-0.10735420987707547
301,2020-03-13,0.110793263611825
302,2020-03-16,-0.1316937658826267
303,2020-03-17,0.06873164116637775
304,2020-03-18,-0.05974988678775871
305,2020-03-19,0.0071712019756534455
306,2020-03-20,-0.03879794241322297
307,2020-03-23,-0.029645785172550197
308,2020-03-24,0.12998540912561365
309,2020-03-25,0.013241286688263954
310,2020-03-26,0.05932324709387222
311,2020-03-27,-0.05281627146682081
312,2020-03-30,0.036398713267453156
313,2020-03-31,-0.0021781694782512517
314,2020-04-01,-0.05858533196884215
315,2020-04-02,0.040721267679874884
316,2020-04-03,-0.022685239775554207
317,2020-04-06,0.07633516255695764
318,2020-04-07,-0.012357645425953486
319,2020-04-08,0.03813969414149075
320,2020-04-09,0.004099250085998717
321,2020-04-13,-0.006961663415004227
322,2020-04-14,0.02229122535855903
323,2020-04-15,-0.038711523491835646
324,2020-04-16,0.002280280977331345
325,2020-04-17,0.04647530251758406
326,2020-04-20,-0.018099358443622336
327,2020-04-21,-0.03096956313381341
328,2020-04-22,0.0252846348195405
329,2020-04-23,0.0008085539873752424
330,2020-04-24,0.00567293453652112
331,2020-04-27,0.0176447591940281
332,2020-04-28,-0.0004490196756226695
333,2020-04-29,0.016861414611873494
334,2020-04-30,-0.0033742921572582794
335,2020-05-01,-0.031393346981844275
336,2020-05-04,0.011366130613349353
337,2020-05-05,0.011291581123940096
338,2020-05-06,-0.009672252938496346
339,2020-05-07,0.016299759883873676
340,2020-05-08,0.018995782675852012
341,2020-05-11,0.009050847312454792
342,2020-05-12,-0.025330592740480416
343,2020-05-13,-0.025855733558552866
344,2020-05-14,0.002923506516898184
345,2020-05-15,0.004149342488163772
346,2020-05-18,0.053082319597299144
347,2020-05-19,-0.011933284922437205
348,2020-05-20,0.027167660567677745
349,2020-05-21,-0.005488912417850653
350,2020-05-22,-0.002142642581863801
351,2020-05-26,0.012605969201106883
352,2020-05-27,0.031714489600423834
353,2020-05-28,-0.021672340899739906
354,2020-05-29,0.008772337962058195
355,2020-06-01,0.01007198748136948
356,2020-06-02,0.011745851071162515
357,2020-06-03,0.01654467019800006
358,2020-06-04,0.00634623677005788
359,2020-06-05,0.02159343115526515
360,2020-06-08,0.023988010208040478
361,2020-06-09,-0.009190346823613312
362,2020-06-10,-0.014381152963474912
363,2020-06-11,-0.06776663531123207
364,2020-06-12,0.029885527395087336
365,2020-06-15,0.0025109093892650754
366,2020-06-16,0.024337179869364022
367,2020-06-17,-0.009882465071512976
368,2020-06-18,0.004030614451022477
369,2020-06-19,0.0019997242697037056
370,2020-06-22,0.00914850350708003
371,2020-06-23,0.003856676735831783
372,2020-06-24,-0.03284030395063062
373,2020-06-25,0.018750189840347306
374,2020-06-26,-0.02669065340602714
375,2020-06-29,0.010822265690210428
376,2020-06-30,0.018093571199624486
377,2020-07-01,-0.00537444024716466
378,2020-07-02,0.009527294160060753
379,2020-07-06,0.015268568648479081
380,2020-07-07,-0.012318588139976184
381,2020-07-08,0.009649578102837012
382,2020-07-09,-0.01884284476580373
383,2020-07-10,0.01741905056340904
384,2020-07-13,-0.017358658344594387
385,2020-07-14,0.006285386924943832
386,2020-07-15,0.014316197035882824
387,2020-07-16,-0.006779620933035619
388,2020-07-17,0.0035984059974428447
389,2020-07-20,0.00862023532912507
390,2020-07-21,0.003312416382229337
391,2020-07-22,-0.008407909619624237
392,2020-07-23,-0.013115959045789188
393,2020-07-24,-0.012122096886436931
394,2020-07-27,0.013019134500853482
395,2020-07-28,-0.005815980757116404
396,2020-07-29,0.0005464731856707017
397,2020-07-30,-0.018728104543017758
398,2020-07-31,-0.005300305428579437
399,2020-08-03,0.012525159611186276
400,2020-08-04,0.001907757504713432
401,2020-08-05,0.009865927934786025
402,2020-08-06,0.002473923151173143
403,2020-08-07,-0.002769408592033692
404,2020-08-10,0.0043311823364931955
405,2020-08-11,-0.0026785382206396978
406,2020-08-12,0.014190094200428542
407,2020-08-13,-0.0071742968699746714
408,2020-08-14,0.0012245588357027307
409,2020-08-17,-0.003425181454440352
410,2020-08-18,0.0005325024630643264
411,2020-08-19,-0.0023305899769869723
412,2020-08-20,0.004389607549547377
413,2020-08-21,-3.7111513760810415e-05
414,2020-08-24,0.02196259434898257
415,2020-08-25,-5.507418189196114e-05
416,2020-08-26,0.009855962495732718
417,2020-08-27,-0.0008789528496222793
418,2020-08-28,0.00828113856387491
419,2020-08-31,-0.007673392139070954
420,2020-09-01,-0.0017570426963210719
421,2020-09-02,0.016711240694587588
422,2020-09-03,-0.028220103387650936
423,2020-09-04,-0.006531398072502622
424,2020-09-08,-0.04028849347015458
425,2020-09-09,0.015421221186195384
426,2020-09-10,-0.02081326522802489
427,2020-09-11,-0.004616764423614785
428,2020-09-14,0.018529256138332836
429,2020-09-15,0.0019037010537160178
430,2020-09-16,0.01598889964792364
431,2020-09-17,0.0029355226195378367
432,2020-09-18,-0.017191795428291377
433,2020-09-21,-0.016065507504515464
434,2020-09-22,0.0017961924255462851
435,2020-09-23,-0.027810664403631027
436,2020-09-24,-0.0004246275226271883
437,2020-09-25,0.017522249877790195
438,2020-09-28,0.016922937742173065
439,2020-09-29,-0.010062736474969433
440,2020-09-30,0.009880226678369323
441,2020-10-01,-0.0025402493866692423
442,2020-10-02,-0.013958611141509656
443,2020-10-05,0.019308388020842303
444,2020-10-06,-0.021287680763586107
445,2020-10-07,0.020474800059195712
446,2020-10-08,0.019978073177203376
447,2020-10-09,0.009723589777548305
448,2020-10-12,0.015856459711041822
449,2020-10-13,-0.004351506679510708
450,2020-10-14,-0.004495956114457702
451,2020-10-15,-0.03209870031901919
452,2020-10-16,0.012649895469547754
453,2020-10-19,-0.009870699976219525
454,2020-10-20,-0.0008043871230283973
455,2020-10-21,-0.009492204804670239
456,2020-10-22,0.016707701370856646
457,2020-10-23,-0.0007501678588151929
458,2020-10-26,-0.025571007578246645
459,2020-10-27,-0.008263984760926081
460,2020-10-28,-0.018881881724460876
461,2020-10-29,0.013542468205500641
462,2020-10-30,-0.00996967820638535
463,2020-11-02,0.0129716744507041
464,2020-11-03,0.02158859798718845
465,2020-11-04,0.024283321088940407
466,2020-11-05,0.015536749241420131
467,2020-11-06,-0.0010204124872086268
468,2020-11-09,0.046695471250682206
469,2020-11-10,-0.01241951849130005
470,2020-11-11,0.009980299816677807
471,2020-11-12,-0.012660304408204696
472,2020-11-13,0.027920725797324596
473,2020-11-16,0.016381724256582617
474,2020-11-17,0.008567692745899443
475,2020-11-18,-0.015166858409703544
476,2020-11-19,0.0014775365677443992
477,2020-11-20,-0.007565303412056337
478,2020-11-23,0.022375804063677195
479,2020-11-24,0.027111412581015237
480,2020-11-25,0.001997333203762613
481,2020-11-27,0.007426558210019501
482,2020-11-30,-0.017466406872252448
483,2020-12-01,0.009422171908928483
484,2020-12-02,0.01049058511092887
485,2020-12-03,0.008957622966087769
486,2020-12-04,0.01699736882083633
487,2020-12-07,-0.002626679685881994
488,2020-12-08,0.009457010316662746
489,2020-12-09,-0.00149463322620485
490,2020-12-10,0.0006806975472054477
491,2020-12-11,-0.0054122333341435225
492,2020-12-14,-0.007645586205993031
493,2020-12-15,0.009990416571080562
494,2020-12-16,0.009476753966418595
495,2020-12-17,0.009780307163919543
496,2020-12-18,-0.002816323642864613
497,2020-12-21,0.0011298480759374422
498,2020-12-22,-0.004424591638574386
499,2020-12-23,0.007071412750777972
500,2020-12-24,-0.0023479674026545346
501,2020-12-28,-0.0013813821018624746
502,2020-12-29,-0.0034756046651924044
503,2020-12-30,0.0007385291858340939
504,2020-12-31,0.006913014564134587
505,2021-01-04,-0.01786296664390409
506,2021-01-05,0.013953659933023232
507,2021-01-06,0.011780367284872566
508,2021-01-07,0.015056775697636388
509,2021-01-08,0.01198628997443314
510,2021-01-11,0.002192594632677273
511,2021-01-12,0.0005476836541543711
512,2021-01-13,-0.0033915758140770705
513,2021-01-14,0.006438535620641983
514,2021-01-15,-0.015447220781492252
515,2021-01-19,0.014565236110334737
516,2021-01-20,0.011764758248575551
517,2021-01-21,-0.011003901171115545
518,2021-01-22,-0.006693919471332273
519,2021-01-25,-0.00492896135699551
520,2021-01-26,-0.0033466735791655914
521,2021-01-27,-0.026550381612143778
522,2021-01-28,0.01002296912353708
523,2021-01-29,-0.023144762815842445
524,2021-02-01,0.014384574797920041
525,2021-02-02,0.018071088965351704
526,2021-02-03,-0.0022213265822757233
527,2021-02-04,0.02112274903455779
528,2021-02-05,0.007949609678720706
529,2021-02-08,0.012800005887304441
530,2021-02-09,-0.0018732975576264094
531,2021-02-10,0.00019409067953315203
532,2021-02-11,-0.00034210865096140873
533,2021-02-12,0.013786662279639584
534,2021-02-16,0.013218932294525832
535,2021-02-17,-0.0025723736317889196
536,2021-02-18,-0.012217067501655698
537,2021-02-19,0.002460311105350209
538,2021-02-22,0.01421442019478039
539,2021-02-23,0.0039994923150334545
540,2021-02-24,0.026733696419240727
541,2021-02-25,-0.02971298492189649
542,2021-02-26,-0.009706423014943
543,2021-03-01,0.02772395100086839
544,2021-03-02,-0.0008353800792678157
545,2021-03-03,-0.00467783005859213
546,2021-03-04,-0.0029024884959474905
547,2021-03-05,0.0129704633969615
548,2021-03-08,-0.004080334830713169
549,2021-03-09,0.008653716969938916
550,2021-03-10,-0.000594777194556419
551,2021-03-11,1.3913502890040754e-06
552,2021-03-12,0.0037186721078836115
553,2021-03-15,0.010299104319812983
554,2021-03-16,-0.008743935431725242
555,2021-03-17,0.006388543062629965
556,2021-03-18,-0.026332340518672163
557,2021-03-19,0.002862752229701276
558,2021-03-22,0.0019486683901961568
559,2021-03-23,-0.014700900111661688
560,2021-03-24,-0.005355578545575369
561,2021-03-25,0.004125660677754121
562,2021-03-26,0.016447377325100685
563,2021-03-29,-0.00491529354111289
564,2021-03-30,0.00032074701898121257
565,2021-03-31,0.0013897373957381
566,2021-04-01,0.014609002106424717
567,2021-04-05,0.006568073312215879
568,2021-04-06,0.0005938639966549717
569,2021-04-07,-0.0007654121008176882
570,2021-04-08,0.0058670843840077334
571,2021-04-09,0.009037183892496461
572,2021-04-12,-0.0022178603271284236
573,2021-04-13,0.003383089771342294
574,2021-04-14,0.007152104884065045
575,2021-04-15,0.0070562181975668235
576,2021-04-16,-0.008897781816672942
577,2021-04-19,-0.004928542339672533
578,2021-04-20,-0.012905918167883602
579,2021-04-21,0.010701452877597223
580,2021-04-22,-0.008774656325283762
581,2021-04-23,0.01594404742439531
582,2021-04-26,0.00234153505079105
583,2021-04-27,0.0006210767901329555
584,2021-04-28,0.0006093779365152797
585,2021-04-29,0.004176423139195781
586,2021-04-30,-0.007433595890434793
587,2021-05-03,0.006598945839821274
588,2021-05-04,-0.014647341268254167
589,2021-05-05,0.005629218449316051
590,2021-05-06,0.005458069884811763
591,2021-05-07,0.011363514129168598
592,2021-05-10,-0.009638762164235742
593,2021-05-11,-0.008503039249075212
594,2021-05-12,-0.007730667081152156
595,2021-05-13,0.005736298206397854
596,2021-05-14,0.024931001820490538
597,2021-05-17,0.003066757252438083
598,2021-05-18,-0.012111584789354667
599,2021-05-19,-0.0034657606458947834
600,2021-05-20,0.01137409066832864
601,2021-05-21,0.00163016513100081
602,2021-05-24,0.008250691553388492
603,2021-05-25,-0.006280775261801363
604,2021-05-26,0.00698379648195118
605,2021-05-27,0.00579810603269939
606,2021-05-28,0.0031013424434284476
607,2021-06-01,0.0071691176748183314
608,2021-06-02,0.004915891110726564
609,2021-06-03,0.003338031271949732
610,2021-06-04,0.00736534808586488
611,2021-06-07,-0.0036931424074127094
612,2021-06-08,0.006491489298131535
613,2021-06-09,0.0039255115994930884
614,2021-06-10,0.007616671727320915
615,2021-06-11,-0.016041255859232387
616,2021-06-14,0.0026226240927663637
617,2021-06-15,-0.002352784204892628
618,2021-06-16,-0.004432692854634342
619,2021-06-17,-0.011858255521025863
620,2021-06-18,-0.011029982471648679
621,2021-06-21,0.017168375929441003
622,2021-06-22,0.004206867015646532
623,2021-06-23,-0.0006651450953191855
624,2021-06-24,0.012029256685702108
625,2021-06-25,0.006777600499323938
626,2021-06-28,-0.003265173085831413
627,2021-06-29,0.0083199489608222
628,2021-06-30,0.010167686762666033
629,2021-07-01,0.001855504130746895
630,2021-07-02,0.0014612285812652863
631,2021-07-06,-0.011986903571035957
632,2021-07-07,0.0010935702800360645
633,2021-07-08,-0.007646117972144961
634,2021-07-09,0.01142307623848336
635,2021-07-12,0.0029958757192393324
636,2021-07-13,-0.0009223648669270116
637,2021-07-14,-0.005845444698020977
638,2021-07-15,-0.0016152314285929029
639,2021-07-16,-0.008588807990341025
640,2021-07-19,-0.021104517894817952
641,2021-07-20,0.020064384907122066
642,2021-07-21,0.019048249612289844
643,2021-07-22,-0.0019057668719421892
644,2021-07-23,0.004770531180472686
645,2021-07-26,0.008249855137108984
646,2021-07-27,0.0005613784124734338
647,2021-07-28,0.0013855422767067303
648,2021-07-29,0.005181442900833549
649,2021-07-30,-0.006382846811673967
650,2021-08-02,-0.008527459987962902
651,2021-08-03,0.0094982647597815
652,2021-08-04,-0.0022278106785736155
653,2021-08-05,0.00902783432493433
654,2021-08-06,0.004398875341358988
655,2021-08-09,-0.0020044771860750084
656,2021-08-10,0.002149969295325964
657,2021-08-11,0.004217465228355223
658,2021-08-12,0.004888066998183841
659,2021-08-13,-0.0038201237471055896
660,2021-08-16,-0.007637109841720493
661,2021-08-17,-0.0015268022690471035
662,2021-08-18,-0.012696266418202217
663,2021-08-19,-0.004722394412852875
664,2021-08-20,0.006404400284326149
665,2021-08-23,0.01780004174375727
666,2021-08-24,0.00834279446067568
667,2021-08-25,0.0058690742191798055
668,2021-08-26,-0.00933777789323882
669,2021-08-27,0.017188127768488517
670,2021-08-30,-0.004026003589058862
671,2021-08-31,-0.0008144648579192526
672,2021-09-01,-0.008199372028294618
673,2021-09-02,0.009637304189094717
674,2021-09-03,-0.0033617374673555927
675,2021-09-07,-0.010371189778586584
676,2021-09-08,-0.0018221204935745792
677,2021-09-09,-0.00152790785188821
678,2021-09-10,-0.003140475240074686
679,2021-09-13,0.005071480756631598
680,2021-09-14,-0.011666813814480915
681,2021-09-15,0.01627755625914597
682,2021-09-16,-0.004317628638555562
683,2021-09-17,-0.009415189518105957
684,2021-09-20,-0.018657005890172156
685,2021-09-21,-0.00407005758425547
686,2021-09-22,0.007997172363836728
687,2021-09-23,0.024075857586624654
688,2021-09-24,-0.0013599790070294088
689,2021-09-27,0.002743465500123306
690,2021-09-28,-0.017386900114073518
691,2021-09-29,-0.002487932246325114
692,2021-09-30,-0.015354323353751226
693,2021-10-01,0.014365535584281918
694,2021-10-04,-0.01639570664211329
695,2021-10-05,0.007918398785765363
696,2021-10-06,0.000954617965793055
697,2021-10-07,0.004754540994394919
698,2021-10-08,0.0016284121510477655
699,2021-10-11,-0.00957000061457758
700,2021-10-12,0.0010434367250535684
701,2021-10-13,0.006730154384795853
702,2021-10-14,0.015200497776782663
703,2021-10-15,0.009316353455713234
704,2021-10-18,0.004550870133784082
705,2021-10-19,0.014267814628289258
706,2021-10-20,-0.0003635810837270026
707,2021-10-21,-0.0029251815954915283
708,2021-10-22,0.00684694682148556
709,2021-10-25,0.011045142332643943
710,2021-10-26,0.009644741823369309
711,2021-10-27,-0.01477065797874668
712,2021-10-28,0.006244362524694665
713,2021-10-29,0.00868255070757333
714,2021-11-01,0.00038869308321780186
715,2021-11-02,-0.0012082163742286934
716,2021-11-03,0.0053590494713998795
717,2021-11-04,0.0056087253687725665
718,2021-11-05,0.0005384902307111672
719,2021-11-08,0.00206205680994357
720,2021-11-09,0.0043666122608721995
721,2021-11-10,-0.020279941422284002
722,2021-11-11,-0.002966900471552886
723,2021-11-12,0.011753574519887615
724,2021-11-15,0.0005425913725892933
725,2021-11-16,0.006752310263111396
726,2021-11-17,-0.011890886070452045
727,2021-11-18,-0.007994046339484334
728,2021-11-19,0.00827380984836929
729,2021-11-22,-0.00398827934426241
730,2021-11-23,0.015446143765013076
731,2021-11-24,0.003559489673128365
732,2021-11-26,-0.02642951221113694
733,2021-11-29,0.019856450569220675
734,2021-11-30,-0.03181273579390011
735,2021-12-01,0.012818938504586907
736,2021-12-02,0.019702267521980663
737,2021-12-03,-0.026593662021323607
738,2021-12-06,0.011526038536928232
739,2021-12-07,0.024667817658234215
740,2021-12-08,0.0015954317955735832
741,2021-12-09,-0.007075210465248274
742,2021-12-10,0.004520820440129676
743,2021-12-13,-0.01355255681858241
744,2021-12-14,-0.016504004484529117
745,2021-12-15,0.007904679244290641
746,2021-12-16,-0.01694265549351693
747,2021-12-17,-0.015812513532805644
748,2021-12-20,-0.013577309578063497
749,2021-12-21,0.023029563725073192
750,2021-12-22,0.010196148588291959
751,2021-12-23,0.006784048445818128
752,2021-12-27,0.011199929000135092
753,2021-12-28,-0.0034873703878720084
754,2021-12-29,-0.0038975996284417126
755,2021-12-30,-0.0025265763083031985
756,2021-12-31,-0.0034668263055787954
757,2022-01-03,0.011680746711300573
758,2022-01-04,0.011728025262050456
759,2022-01-05,-0.02053123994514786
760,2022-01-06,0.005989216457266996
761,2022-01-07,-0.0012629833225801153
762,2022-01-10,0.003090992820300408
763,2022-01-11,0.019243081842436952
764,2022-01-12,-0.003892686876693489
765,2022-01-13,-0.013104410348411704
766,2022-01-14,0.004196141974425659
767,2022-01-18,-0.013975241798756415
768,2022-01-19,0.0026146437681486626
769,2022-01-20,-3.2671393353799416e-05
770,2022-01-21,-0.016302091116309342
771,2022-01-24,0.01088863432427104
772,2022-01-25,-0.016029738255728444
773,2022-01-26,-0.006851761598372514
774,2022-01-27,0.006629046221081336
775,2022-01-28,0.03165849258554402
776,2022-01-31,0.018570001468011386
777,2022-02-01,0.023459040062682707
778,2022-02-02,0.004446552512874641
779,2022-02-03,-0.025296538496265758
780,2022-02-04,0.010173260040719298
781,2022-02-07,0.004463511248427185
782,2022-02-08,-0.0010781925070052671
783,2022-02-09,0.01595230630682936
784,2022-02-10,-0.024658995683815958
785,2022-02-11,-0.018588258097982802
786,2022-02-14,-0.010119842827364984
787,2022-02-15,0.00988931099786783
788,2022-02-16,-0.0008777022165482118
789,2022-02-17,-0.03245934218061677
790,2022-02-18,-0.025810035315444305
791,2022-02-22,-0.000852295557441197
792,2022-02-23,-0.012735691954463313
793,2022-02-24,0.018274283165952487
794,2022-02-25,0.01369536278093806
795,2022-02-28,-0.010670284567057011
796,2022-03-01,-0.011339418968521638
797,2022-03-02,0.017872369292849657
798,2022-03-03,-0.010627301450748299
799,2022-03-04,-0.005034826163077305
800,2022-03-07,-0.023170566314356888
801,2022-03-08,0.007925780878253694
802,2022-03-09,0.020334902308337455
803,2022-03-10,-0.004440138190395467
804,2022-03-11,-0.017575070567187427
805,2022-03-14,-0.010508387312902035
806,2022-03-15,0.007315766586963762
807,2022-03-16,0.030178118669960483
808,2022-03-17,0.017252867260652036
809,2022-03-18,0.005986721657820994
810,2022-03-21,-0.001080505716977466
811,2022-03-22,0.011354808327559314
812,2022-03-23,-0.025519328390977664
813,2022-03-24,0.008281903656041315
814,2022-03-25,0.0030857462233370866
815,2022-03-28,0.0053691833496698595
816,2022-03-29,0.01421827419608567
817,2022-03-30,-0.00767184190322887
818,2022-03-31,-0.00879169672079467
819,2022-04-01,0.007410537796568731
820,2022-04-04,0.012613055484365589
821,2022-04-05,-0.014220473464713914
822,2022-04-06,-0.008272055513535168
823,2022-04-07,0.008869861622288075
824,2022-04-08,0.002124932212485227
825,2022-04-11,-0.012975154205631594
826,2022-04-12,-0.0029058178130705777
827,2022-04-13,0.015013227492435806
828,2022-04-14,-0.004532324701705612
829,2022-04-18,0.004379319733455098
830,2022-04-19,0.01568368967715954
831,2022-04-20,8.611628355619503e-05
832,2022-04-21,-0.016136469263995975
833,2022-04-22,-0.034343811154305806
834,2022-04-25,0.0004928357992880373
835,2022-04-26,-0.03990144743577875
836,2022-04-27,-0.0021379950529937103
837,2022-04-28,0.024512501769095488
838,2022-04-29,-0.028857833773524327
839,2022-05-02,0.008624987765778169
840,2022-05-03,0.017919279287817898
841,2022-05-04,0.03537400923920413
842,2022-05-05,-0.03814898330506973
843,2022-05-06,-0.016777364074202716
844,2022-05-09,-0.06098927437160878
845,2022-05-10,0.012758928367003094
846,2022-05-11,-0.017514097111001936
847,2022-05-12,0.009166361100036527
848,2022-05-13,0.03283652364196587
849,2022-05-16,0.00020615422515191367
850,2022-05-17,0.02584687852937988
851,2022-05-18,-0.028826149085897982
852,2022-05-19,0.005383454130265481
853,2022-05-20,0.005452870373265842
854,2022-05-23,0.021434276889576193
855,2022-05-24,-0.010649599133025135
856,2022-05-25,0.020708095345094914
857,2022-05-26,0.02118214712151794
858,2022-05-27,0.025342434192072306
859,2022-05-31,-0.015161000102338201
860,2022-06-01,-0.0017720816844070818
861,2022-06-02,0.018315843229138762
862,2022-06-03,-0.013423169585004197
863,2022-06-06,0.00010829483773078528
864,2022-06-07,0.018061684536912426
865,2022-06-08,-0.004821512428898464
866,2022-06-09,-0.02826413467975499
867,2022-06-10,-0.04253117946471877
868,2022-06-13,-0.043768781622965075
869,2022-06-14,0.0033024590177059216
870,2022-06-15,0.01483393524703243
871,2022-06-16,-0.03503432316748541
872,2022-06-17,0.0007694297131449323
873,2022-06-21,0.02269522087208219
874,2022-06-22,-0.006257354644922315
875,2022-06-23,0.013432329777082672
876,2022-06-24,0.03701861756765244
877,2022-06-27,-0.00819522585706175
878,2022-06-28,-0.016228950060370263
879,2022-06-29,-0.006665888511622957
880,2022-06-30,-0.011557564500344515
881,2022-07-01,0.010631662230029594
882,2022-07-05,-0.0011761980352777172
883,2022-07-06,0.0002939337636185674
884,2022-07-07,0.020323017978368184
885,2022-07-08,-0.001511814868335254
886,2022-07-11,-0.010433270011348411
887,2022-07-12,-0.011883741439076768
888,2022-07-13,-0.0075570434559764895
889,2022-07-14,-0.008999787567326594
890,2022-07-15,0.027822697573009317
891,2022-07-18,-0.000705608682221916
892,2022-07-19,0.03245093733340394
893,2022-07-20,0.01536904814120099
894,2022-07-21,0.007594747752203489
895,2022-07-22,-0.006846676278268309
896,2022-07-25,0.001092552537992504
897,2022-07-26,-0.004138004848044431
898,2022-07-27,0.02031087657379845
899,2022-07-28,0.015039194833459854
900,2022-07-29,0.01777399880307478
901,2022-08-01,-0.006827839646275791
902,2022-08-02,-0.005953321310982335
903,2022-08-03,0.01178949543767827
904,2022-08-04,-0.006432010213826264
905,2022-08-05,0.015456099324435346
906,2022-08-08,0.005564553441020196
907,2022-08-09,0.001402834826085617
908,2022-08-10,0.020071985754128566
909,2022-08-11,0.008194013048838059
910,2022-08-12,0.014507635867014645
911,2022-08-15,0.006379454627491055
912,2022-08-16,-0.002209010609684694
913,2022-08-17,-0.010824482157417548
914,2022-08-18,0.0007966605092609739
915,2022-08-19,-0.014292026725374808
916,2022-08-22,-0.02400813974827206
917,2022-08-23,0.006247768411080673
918,2022-08-24,0.009843486928786128
919,2022-08-25,0.005770201208920002
920,2022-08-26,-0.03513377492817071
921,2022-08-29,-0.0041980288820865205
922,2022-08-30,-0.011699154770246033
923,2022-08-31,-0.004446322668191691
924,2022-09-01,-0.0006413342035529119
925,2022-09-02,-0.006416672014241712
926,2022-09-06,-0.005757215973725057
927,2022-09-07,0.01984714511818194
928,2022-09-08,0.010629984260644773
929,2022-09-09,0.016173049400475575
930,2022-09-12,0.009528168981581962
931,2022-09-13,-0.04781951362666403
932,2022-09-14,0.00941483593833833
933,2022-09-15,-0.03769522055662517
934,2022-09-16,-0.014250932060058284
935,2022-09-19,-0.0001967093431156083
936,2022-09-20,-0.009419766481323037
937,2022-09-21,-0.01787998409257292
938,2022-09-22,-0.0042283092561318635
939,2022-09-23,-0.021555899365229707
940,2022-09-26,-0.014912339461512335
941,2022-09-27,0.010513102333391795
942,2022-09-28,0.020524670472617218
943,2022-09-29,-0.014811714042938911
944,2022-09-30,-0.014181428938615638
945,2022-10-03,0.03090271617285435
946,2022-10-04,0.03772401455269238
947,2022-10-05,0.0078096271905013365
948,2022-10-06,-0.0032467504125952753
949,2022-10-07,-0.025339023073685928
950,2022-10-10,-0.008192054910426478
951,2022-10-11,-0.008874513053388128
952,2022-10-12,0.0017497009224669083
953,2022-10-13,0.03204682458588226
954,2022-10-14,-0.026049359357351483
955,2022-10-17,0.024822650174436175
956,2022-10-18,0.0137906651974361
957,2022-10-19,-0.0022478864611172877
958,2022-10-20,-0.00337175045170999
959,2022-10-21,0.03002961298152542
960,2022-10-24,0.014255670455902826
961,2022-10-25,0.009292559505924742
962,2022-10-26,0.0049107814658238096
963,2022-10-27,-0.012701594656360308
964,2022-10-28,0.03720373388903327
965,2022-10-31,-0.0073534182337386626
966,2022-11-01,-0.006975847527522466
967,2022-11-02,-0.017979745985976008
968,2022-11-03,-0.01329616839363244
969,2022-11-04,0.006977884233842658
970,2022-11-07,0.017405632127852205
971,2022-11-08,0.009891831989986406
972,2022-11-09,-0.019003091870324475
973,2022-11-10,0.05163841546018172
974,2022-11-11,0.014240591593180444
975,2022-11-14,-0.005284160449703986
976,2022-11-15,0.011173594643198543
977,2022-11-16,-0.016286976003848628
978,2022-11-17,-0.0032238806165030562
979,2022-11-18,-0.002619881607540919
980,2022-11-21,-0.007287553306332649
981,2022-11-22,0.023975917547854036
982,2022-11-23,0.002035963395982274
983,2022-11-25,-0.0019765860018811582
984,2022-11-28,-0.0163475918323659
985,2022-11-29,0.0006056384243903923
986,2022-11-30,0.026826759089029716
987,2022-12-01,0.0030154731390237724
988,2022-12-02,-0.00412040165067068
989,2022-12-05,-0.02382049583541729
990,2022-12-06,-0.01458290979888435
991,2022-12-07,-0.0010631423489589128
992,2022-12-08,0.013346904855803069
993,2022-12-09,-0.012275348140840497
994,2022-12-12,0.02019521703689247
995,2022-12-13,0.009433494066166948
996,2022-12-14,-0.010124109561282173
997,2022-12-15,-0.028268666494470632
998,2022-12-16,-0.007075166921881959
999,2022-12-19,-0.013518314689554166
1000,2022-12-20,0.013753808876833225
1001,2022-12-21,0.013697921880496438
1002,2022-12-22,-0.011293501897869518
1003,2022-12-23,0.00304982645381339
1004,2022-12-27,-0.001085042573468815
1005,2022-12-28,-0.012827249708162814
1006,2022-12-29,0.019437227399234328
1007,2022-12-30,-4.3050609042941286e-05
1008,2023-01-03,-0.002728265801458806
1009,2023-01-04,0.01472441501322544
1010,2023-01-05,-0.007471604337783561
1011,2023-01-06,0.015076714930011649
1012,2023-01-09,0.0035118611531132935
1013,2023-01-10,0.009882905264050286
1014,2023-01-11,0.015199908948777692
1015,2023-01-12,0.011011965476389848
1016,2023-01-13,0.005821601504990416
1017,2023-01-17,0.014916741218165377
1018,2023-01-18,-0.011250262861760028
1019,2023-01-19,-0.012050368076995227
1020,2023-01-20,0.02470288801485253
1021,2023-01-23,0.015298415172699682
1022,2023-01-24,-0.0033642706407447263
1023,2023-01-25,-0.0009092675548005038
1024,2023-01-26,0.020081163129606033
1025,2023-01-27,0.008368466453099806
1026,2023-01-30,-0.014498379162019992
1027,2023-01-31,0.012668458563581637
1028,2023-02-01,0.011576845543213714
1029,2023-02-02,0.0025311448029176915
1030,2023-02-03,-0.019659375517440573
1031,2023-02-06,-0.003520456699344507
1032,2023-02-07,0.015884821138150262
1033,2023-02-08,-0.015097112082080782
1034,2023-02-09,-0.006147716180243446
1035,2023-02-10,0.007439575500499422
1036,2023-02-13,0.008476520941413566
1037,2023-02-14,0.005101371065210591
1038,2023-02-15,0.00043367966932994083
1039,2023-02-16,-0.017525614454993604
1040,2023-02-17,-0.01306113885321012
1041,2023-02-21,-0.013652914693854361
1042,2023-02-22,0.005443915818984531
1043,2023-02-23,0.002608144069812328
1044,2023-02-24,-0.01167539232819937
1045,2023-02-27,-0.003341293851683544
1046,2023-02-28,0.000751917146522216
1047,2023-03-01,-0.0023435086930208805
1048,2023-03-02,0.008322573609031754
1049,2023-03-03,0.015878888413684532
1050,2023-03-06,0.006832926346839481
1051,2023-03-07,-0.013835075025297799
1052,2023-03-08,0.0009311992897903299
1053,2023-03-09,-0.006508447213723179
1054,2023-03-10,-0.016134840553848003
1055,2023-03-13,-0.008882639313072475
1056,2023-03-14,0.021229728019283585
1057,2023-03-15,-0.0207047099045882
1058,2023-03-16,0.0243428998801212
1059,2023-03-17,-0.012571390807713228
1060,2023-03-20,0.009892273295086013
1061,2023-03-21,0.02924963485276116
1062,2023-03-22,-0.022066300153536795
1063,2023-03-23,0.012899066491751108
1064,2023-03-24,0.0028811144273399605
1065,2023-03-27,0.0038299311822428796
1066,2023-03-28,0.002049844372996922
1067,2023-03-29,0.015856770863984265
1068,2023-03-30,0.0032480385374511894
1069,2023-03-31,0.011487607015073766
1070,2023-04-03,0.007709807524898745
1071,2023-04-04,-0.008457477013957626
1072,2023-04-05,0.0018442259942551054
1073,2023-04-06,-0.0008409638419997075
1074,2023-04-10,-0.0015719447012156997
1075,2023-04-11,-0.001594276748498907
1076,2023-04-12,0.00024671818561395806
1077,2023-04-13,0.011702354630483157
1078,2023-04-14,0.0047124053202065065
1079,2023-04-17,0.0014744582077418447
1080,2023-04-18,0.0067693334760560095
1081,2023-04-19,0.005453200228805629
1082,2023-04-20,0.000956492962646291
1083,2023-04-21,0.0008756581396336942
1084,2023-04-24,0.0018872474489738857
1085,2023-04-25,-0.021498890809832544
1086,2023-04-26,-0.014205284354033988
1087,2023-04-27,0.02686354203568531
1088,2023-04-28,0.013770906175275871
1089,2023-05-01,-0.005096320521925169
1090,2023-05-02,-0.013445319123599333
1091,2023-05-03,-0.018676242850406276
1092,2023-05-04,-0.018428139039106714
1093,2023-05-05,0.0185663705156617
1094,2023-05-08,-0.00267812752136713
1095,2023-05-09,4.4146298547281955e-05
1096,2023-05-10,-0.0012411394920623642
1097,2023-05-11,-0.008862189241755303
1098,2023-05-12,-0.005014993238613132
1099,2023-05-15,0.011956080357921159
1100,2023-05-16,-0.011473078848131427
1101,2023-05-17,0.019578663857687743
1102,2023-05-18,0.010566314788322938
1103,2023-05-19,0.002285913400205639
1104,2023-05-22,0.0008716184793198718
1105,2023-05-23,-0.006697078724156171
1106,2023-05-24,-0.01640063343217094
1107,2023-05-25,0.01154169078854268
1108,2023-05-26,0.013339408601676771
1109,2023-05-30,-0.009532168101748653
1110,2023-05-31,-0.0031656545780598877
1111,2023-06-01,0.012493775141398582
1112,2023-06-02,0.02259874121954602
1113,2023-06-05,-0.00037734524161766377
1114,2023-06-06,0.007453043620204163
1115,2023-06-07,-0.011927043102353884
1116,2023-06-08,0.011654710507756866
1117,2023-06-09,0.008596951112414025
1118,2023-06-12,0.016987909517777053
1119,2023-06-13,0.005205181437390184
1120,2023-06-14,-0.006661302547102189
1121,2023-06-15,0.015884076390879423
1122,2023-06-16,-0.001226760808470096
1123,2023-06-20,-0.015609727717581696
1124,2023-06-21,-0.0013939088361964388
1125,2023-06-22,-0.0023672901529658767
1126,2023-06-23,-0.002352014260017688
1127,2023-06-26,0.002840328511589112
1128,2023-06-27,0.008161475353929977
1129,2023-06-28,0.0034765568923601038
1130,2023-06-29,0.0034591685356496525
1131,2023-06-30,0.008933722803338392
1132,2023-07-03,-0.005855293987599648
1133,2023-07-05,0.0021159149110562053
1134,2023-07-06,-0.018892109042127972
1135,2023-07-07,-0.0012754098939047349
1136,2023-07-10,0.018992324326536553
1137,2023-07-11,0.007527854574980639
1138,2023-07-12,0.010023518171187368
1139,2023-07-13,0.004002719657197312
1140,2023-07-14,-0.006447587252742849
1141,2023-07-17,0.010254600334222014
1142,2023-07-18,0.015108335001327883
1143,2023-07-19,0.0015878162171289328
1144,2023-07-20,0.0016367011118671446
1145,2023-07-21,0.0014288979672296101
1146,2023-07-24,0.0010859965345517766
1147,2023-07-25,0.0141790163506662
1148,2023-07-26,-0.012149724287806885
1149,2023-07-27,-0.001214458362815861
1150,2023-07-28,0.008023749450324176
1151,2023-07-31,0.009306682756236213
1152,2023-08-01,-0.00585914632616667
1153,2023-08-02,-0.011063066746614728
1154,2023-08-03,-0.003984693203022853
1155,2023-08-04,-0.0015972684019524798
1156,2023-08-07,0.008618545802357958
1157,2023-08-08,-0.006675060221753968
1158,2023-08-09,-0.00394041858711513
1159,2023-08-10,0.006442673303454652
1160,2023-08-11,0.0018260612675763635
1161,2023-08-14,0.0077475591196591136
1162,2023-08-15,-0.012784392656170273
1163,2023-08-16,-0.00842366452109092
1164,2023-08-17,-0.004800355534411728
1165,2023-08-18,0.001227888934542445
1166,2023-08-21,0.004576189785093231
1167,2023-08-22,-0.0046020125546927925
1168,2023-08-23,0.010026927387286113
1169,2023-08-24,-0.013000669674596768
1170,2023-08-25,0.016497633440347863
1171,2023-08-28,0.008901604716457494
1172,2023-08-29,0.014107429595152142
1173,2023-08-30,0.0021695381806345086
1174,2023-08-31,0.004025894020737823
1175,2023-09-01,0.00931442899628191
1176,2023-09-05,-0.004222893169427147
1177,2023-09-06,-0.00271089536412528
1178,2023-09-07,-0.0026008426729883095
1179,2023-09-08,0.0032117943968842716
1180,2023-09-11,0.0016577729305924478
1181,2023-09-12,0.0022439207066672277
1182,2023-09-13,0.0021061252728850383
1183,2023-09-14,0.01204442427222566
1184,2023-09-15,-0.014083927101802736
1185,2023-09-18,0.0051315931152534165
1186,2023-09-19,0.0026959932542353045
1187,2023-09-20,-0.01221487742268715
1188,2023-09-21,-0.021358729039547983
1189,2023-09-22,-0.006644745084020339
1190,2023-09-25,0.0022108117715712848
1191,2023-09-26,-0.007112268726553187
1192,2023-09-27,0.005413398019552176
1193,2023-09-28,0.005533338680355832
1194,2023-09-29,-0.007284140484688832
1195,2023-10-02,-0.002121956056798544
1196,2023-10-03,-0.015250953648302508
1197,2023-10-04,0.007962842364006694
1198,2023-10-05,-0.003749368114503995
1199,2023-10-06,0.014962344071437627
1200,2023-10-09,0.002308979134641724
1201,2023-10-10,0.006691940930537671
1202,2023-10-11,0.0016732008435579836
1203,2023-10-12,-0.00048690921630585744
1204,2023-10-13,-0.0024768297452448735
1205,2023-10-16,0.006125953318416764
1206,2023-10-17,0.008927259459162028
1207,2023-10-18,-0.019618592595968633
1208,2023-10-19,-0.008957269518412291
1209,2023-10-20,-0.01420322130944923
1210,2023-10-23,-0.003248345041877652
1211,2023-10-24,0.009975557113441
1212,2023-10-25,-0.019670431855894437
1213,2023-10-26,-0.007837750987987654
1214,2023-10-27,-0.015560513959075173
1215,2023-10-30,0.018417004727886113
1216,2023-10-31,0.005071478344025096
1217,2023-11-01,0.003126518073146643
1218,2023-11-02,0.023736350865011697
1219,2023-11-03,0.006683813022077992
1220,2023-11-06,0.005834196534811436
1221,2023-11-07,0.0033865411894364967
1222,2023-11-08,0.004099670362691063
1223,2023-11-09,-0.013189670835586224
1224,2023-11-10,0.01949477630164868
1225,2023-11-13,0.0029904357917018153
1226,2023-11-14,0.017656704306966448
1227,2023-11-15,-0.011014966883146605
1228,2023-11-16,0.0010103515719883439
1229,2023-11-17,0.011557591182662499
1230,2023-11-20,0.005325958508445564
1231,2023-11-21,-0.004938288854678509
1232,2023-11-22,0.0011850921434162793
1233,2023-11-24,0.0015695498170222634
1234,2023-11-27,-0.004686464888392616
1235,2023-11-28,-0.0032458642529973104
1236,2023-11-29,0.004974625725542399
1237,2023-11-30,0.0050248599681964184
1238,2023-12-01,0.004209205960592363
1239,2023-12-04,-0.005066644975212025
1240,2023-12-05,-0.005827717182845716
1241,2023-12-06,-0.008107681506651624
1242,2023-12-07,0.005769804568044285
1243,2023-12-08,0.00677992328119686
1244,2023-12-11,0.011456907752283254
1245,2023-12-12,0.006657595817231259
1246,2023-12-13,0.027696515633325397
1247,2023-12-14,0.0031658162504605027
1248,2023-12-15,0.0061585828740776125
1249,2023-12-18,0.0046059564722217335
1250,2023-12-19,0.009255051820828841
1251,2023-12-20,-0.012754546648994489
1252,2023-12-21,0.011163442266127368
1253,2023-12-22,0.0018515092971518935
1254,2023-12-26,0.003252212928786309
1255,2023-12-27,0.0024316795698709776
1256,2023-12-28,-0.002245225272757689
1257,2023-12-29,-0.0033896157597429516
