,y_Tp1_PriceChg_c0,y_Tp1_PriceChg_c1,y_Tp1_PriceChg_c2,y_Tp1_PriceChg_c3,y_Tp1_PriceChg_c4,y_Tp1_PriceChg_c5,y_Tp1_PriceChg_c6,pc_pred
0,0.011182,-0.088944,0.696115,0.35744,0.026391,0.027733,-0.029917,-0.009702992896712634
1,-0.009215,-0.025389,0.544819,0.299941,0.092655,0.060462,0.036727,0.0012186631830322478
2,-0.015049,-0.065617,0.425762,0.600119,0.154899,-0.007038,-0.093076,-0.006984848782173579
3,-0.082801,0.036722,-0.081365,0.150456,0.871331,0.144426,-0.038769,0.035739935167367995
4,0.026354,0.021054,0.307547,0.613617,0.014889,0.000985,0.015554,-0.005838512481023537
5,-0.042773,0.01273,0.064673,0.10292,0.091405,0.759358,0.011687,0.050347454240720055
6,-0.008049,-0.019355,0.070714,0.409152,0.486676,0.067233,-0.006371,0.018180504289438553
7,-0.031212,-0.06666,0.14208,0.419536,0.581875,0.005086,-0.050705,0.015918628197022073
8,-0.019892,0.068901,-0.053827,0.249146,0.834069,-0.036194,-0.042202,0.01695842791931387
9,-0.065563,0.07926,0.047181,0.190185,0.593961,0.183983,-0.029008,0.02529103203660488
10,0.063888,0.002764,0.88769,0.19884,-0.13516,0.003104,-0.021125,-0.027801214247321394
11,0.022386,-0.122508,0.068288,-0.05475,0.105854,0.772748,0.207983,0.07060564574689776
12,0.103703,0.010773,0.621227,0.284436,0.06973,-0.062939,-0.026929,-0.024364425324971663
13,-0.084279,0.084125,0.95067,0.091609,-0.154978,0.087761,0.025091,-0.013762305747802746
14,0.052876,0.002363,0.534353,0.440658,0.002326,0.014128,-0.046704,-0.017010160200708387
15,0.021906,-0.023763,0.064311,0.152614,0.732237,0.041585,0.01111,0.02248906290007799
16,0.042623,-0.006123,0.242045,0.599424,0.161843,-0.003994,-0.035818,-0.005177117840596914
17,0.120331,0.218279,0.78825,-0.111375,0.062627,-0.046117,-0.031995,-0.040260314110468806
18,-0.031545,-0.002208,0.098592,-0.001838,0.544672,0.370538,0.021789,0.03965363529624808
19,0.037287,0.058706,0.145673,0.487753,0.307531,0.014577,-0.051528,-0.002678736678776451
20,0.043635,0.090208,0.074005,0.28365,0.549455,0.055484,-0.096437,0.0013158479172037368
21,0.096819,0.021391,0.05033,0.213993,0.475873,0.186178,-0.044585,0.01150808785552725
22,0.04459,-0.010752,0.316117,0.645104,0.024021,0.043891,-0.062972,-0.009866575386584553
23,-0.023713,-0.037432,0.373554,0.46595,0.178819,0.087631,-0.04481,0.003545170344483297
24,0.067695,0.146244,0.668113,0.158283,-0.075386,-0.018135,0.053186,-0.024080299919697287
25,0.119851,0.162786,0.601607,0.173474,-0.039353,0.015713,-0.034078,-0.03222943685412484
26,-0.036167,0.010841,0.39637,0.467703,0.106533,0.105083,-0.050363,8.903934714235649e-05
27,0.034481,-0.006016,0.245392,0.611302,0.09507,0.012284,0.007487,-0.0016324614091902852
28,0.574874,0.184821,0.103689,-0.025008,-0.006146,0.039993,0.127778,-0.04119947912711634
29,0.082102,0.098255,0.518955,0.352431,0.048885,-0.009373,-0.091256,-0.028107556845334985
30,0.029344,0.084178,0.419269,0.162602,0.276064,-0.001941,0.030484,-0.004279020065866097
31,-0.067481,-0.045981,0.130571,0.543757,0.476362,-0.017339,-0.019889,0.01661274806025027
32,0.034399,0.022426,0.176737,0.183369,0.574206,0.026302,-0.01744,0.009145807026423926
33,0.030688,-0.009174,0.042836,0.551626,0.392729,-0.012447,0.003743,0.00921710940863562
34,-0.06823,-0.114111,0.123596,0.052159,0.911651,0.100629,-0.005694,0.03944097240612414
35,-0.002904,0.01597,0.265018,0.565073,0.232258,-0.044236,-0.031179,-0.0034645606546573784
36,0.08941,0.059267,0.215729,0.440884,0.203595,0.074563,-0.083448,-0.010319042616879173
37,0.017759,0.036723,0.023534,0.350665,0.609332,0.0404,-0.078412,0.00956028227488662
38,-0.054227,0.086959,0.064939,0.550269,0.346608,0.000718,0.004734,0.009817728445822564
39,0.020145,0.006882,0.505674,0.457397,-0.072239,0.084499,-0.002358,-0.00808617038234448
40,0.284787,0.285304,0.556577,0.178694,-0.172366,-0.023024,-0.109972,-0.06274574470906295
41,-0.003421,-0.022875,0.304313,0.616189,0.07714,0.016635,0.012019,0.0010667783518249537
42,-0.136222,-0.018256,0.13002,0.569446,0.336085,0.070727,0.0482,0.027854735634591312
43,-0.034236,-0.021864,0.088907,0.492435,0.506992,0.00396,-0.036194,0.014256756743225563
44,0.021208,-0.00726,-0.048927,0.213191,0.736104,0.014115,0.071569,0.02799885427522903
45,-0.045152,0.052523,1.021886,-0.077195,0.040874,-0.085277,0.092342,-0.015818334541210424
46,-0.008569,-0.080102,0.009276,-0.002186,0.238678,0.82432,0.018585,0.06195922186012912
47,0.057119,-0.029182,0.126689,0.256901,0.525569,-0.009367,0.072272,0.015801131435124616
48,0.028031,0.063649,0.212973,0.563699,0.157693,0.029094,-0.055139,-0.007023592124992335
49,-0.015318,0.052437,0.127006,0.5327,0.205148,0.059155,0.038872,0.009957749920670465
50,0.090111,-0.001749,0.415101,0.473786,0.041032,0.009542,-0.027823,-0.014620028858176454
51,0.000567,-0.005754,0.490881,0.426885,0.066958,0.052129,-0.031665,-0.006420150615890933
52,0.046574,0.079736,0.060734,0.019083,0.577349,0.173192,0.043332,0.021478870051788366
53,0.054663,0.014147,-0.025315,-0.029648,0.463246,0.61367,-0.090764,0.03695246141075714
54,0.117546,-0.00311,0.712251,0.05898,0.066817,0.014793,0.032723,-0.01723439831078759
55,0.56735,0.440767,0.06795,-0.040276,-0.090906,-0.024669,0.079785,-0.06354189871468395
56,-0.03846,0.054804,0.126771,0.675896,0.272304,-0.078412,-0.012904,0.000997942243695922
57,0.047686,0.096547,0.166914,0.615517,0.127747,-0.006572,-0.047838,-0.01142931258311571
58,0.056457,-0.089862,-0.017397,-0.277993,0.86431,0.580739,-0.116254,0.048263778674873734
59,0.033584,0.030654,-0.051963,0.173251,0.721991,0.111101,-0.018616,0.02243072421387306
60,-0.067159,-0.049031,-0.23478,-0.002226,1.051683,0.236869,0.064644,0.061405301628718274
61,0.148108,-0.104663,-0.204921,0.19441,0.071806,0.396431,0.498828,0.06896499405277914
62,0.006852,0.04187,0.204644,0.548626,0.23102,-0.074378,0.041367,0.0002928002593957685
63,0.020091,-0.07446,0.485176,0.486079,0.059001,0.003851,0.020263,-0.0025708545582523996
64,-0.011582,-0.000853,-0.136085,0.266142,0.804454,0.094026,-0.016102,0.0308703995394479
65,0.017343,0.038054,-0.02863,0.052396,0.218882,0.691977,0.009978,0.04566535075307974
66,-0.050834,-0.021643,0.23002,0.720158,0.19551,-0.05106,-0.022151,0.002540047739676482
67,0.042739,0.028397,-0.070606,0.388067,0.75214,-0.034991,-0.105748,0.007144787122223247
68,0.042017,0.013905,0.271495,0.634016,0.164196,-0.028211,-0.097418,-0.013534113038042174
69,-0.022921,0.022844,0.056076,0.028221,0.793442,0.203248,-0.080911,0.026447386670669898
70,-0.094653,-0.057349,0.521729,0.678973,0.019532,-0.024936,-0.043295,-0.003552461018274538
71,0.038993,-0.015343,0.332076,0.5294,0.250709,-0.028505,-0.107331,-0.011795111491005032
72,-0.017103,0.060545,0.129876,0.33827,0.562338,-0.09067,0.016744,0.008153953914171546
73,0.089079,-0.017308,0.126469,0.298144,0.56018,-0.163032,0.106467,0.007758084507120877
74,0.010818,0.092635,0.064981,0.379874,0.532127,-0.023566,-0.05687,0.0024217785515911376
75,0.006025,0.013143,-0.013976,0.370442,0.40113,0.204313,0.018923,0.025114661873723045
76,0.019862,0.03324,0.04997,0.303274,0.505619,0.056138,0.031898,0.01681883285233829
77,0.040728,0.096651,0.385272,0.414699,0.034899,0.035193,-0.007441,-0.012319318977158211
78,0.015478,0.039047,0.252238,0.633556,0.087367,-0.022036,-0.005649,-0.006023163186569388
79,0.012599,0.064701,0.069832,0.295268,0.647679,0.040727,-0.130806,0.003853426353144883
80,0.058392,0.106728,0.39738,0.227262,0.231149,-0.046236,0.025325,-0.011357324532183058
81,-0.044498,0.008248,0.20544,0.542859,0.305632,0.000729,-0.018409,0.00705922275809156
82,0.100004,0.033115,0.341013,0.498998,0.143664,-0.036799,-0.079994,-0.020149364692440747
83,-0.00958,0.077774,0.021337,-0.013909,0.560666,0.379221,-0.015509,0.03307297344883854
84,0.017775,0.017064,0.539519,0.243598,0.107958,0.056856,0.01723,-0.0045470393041062585
85,0.075491,0.010552,-0.07727,0.161082,0.637782,0.258528,-0.066166,0.022992399618281707
86,0.005753,-0.015026,0.046147,0.267371,0.621982,0.083355,-0.009582,0.02149231927816532
87,-0.071659,0.002974,0.229608,0.601307,0.274909,0.01254,-0.04968,0.0060917887608472904
88,0.095718,-0.012409,-0.032724,0.013519,0.741063,0.252131,-0.057297,0.024654420297340066
89,0.041464,0.056693,0.008704,0.535695,0.299815,-0.01048,0.068109,0.008958740521576797
90,0.031617,-0.005625,0.327873,0.587549,0.114685,-0.016253,-0.039846,-0.00853837706256622
91,0.050749,0.07418,0.019902,0.187591,0.582597,0.131282,-0.0463,0.012357657874085826
92,0.009987,-0.00863,0.291756,0.620215,0.116815,-0.047133,0.016991,-0.002659005924094873
93,-0.057458,-0.013879,0.031438,-0.02725,0.733549,0.330812,0.002788,0.04467778126404603
94,0.070223,-0.026816,0.609639,0.265941,0.045282,0.035049,0.000681,-0.012117318174501544
95,0.067847,-0.031205,-0.190495,-0.040425,0.331786,0.842021,0.020471,0.061459663389508035
96,-0.024195,-0.001789,0.227565,0.755916,0.05554,0.032271,-0.045309,-0.0013289380136733428
97,-0.049008,0.036043,0.182878,0.323979,0.438397,-0.004009,0.07172,0.017320080353036407
98,0.74447,0.271233,0.12212,-0.089151,-0.117308,0.032301,0.036335,-0.07060456924126537
99,0.068435,-0.040084,0.605776,0.375835,0.004018,0.018155,-0.032135,-0.016026448091386855
100,0.020561,-0.044167,0.040118,0.251266,0.659926,0.174449,-0.102153,0.02017819831479267
101,-0.029811,-0.057306,0.432293,0.661718,0.072344,-0.05281,-0.026427,-0.005354071104632305
102,0.133542,0.274564,0.585262,0.085077,-0.038894,0.025182,-0.064733,-0.04103192904919829
103,-0.002808,-0.090177,0.144179,0.389553,0.560965,0.00047,-0.002182,0.018340700326958753
104,0.039363,-0.004324,0.275581,0.675654,0.004143,0.030195,-0.020612,-0.006497874351739667
105,-0.030912,0.07607,0.130117,0.553207,0.253907,-0.027265,0.044876,0.00665133263581927
106,-0.02184,0.000609,-0.005594,-0.000719,0.877948,0.095856,0.05374,0.03663479010462424
107,0.049483,0.050833,0.299845,0.568899,0.135086,-0.013704,-0.090441,-0.01604584871521688
108,-0.042782,0.120021,-0.014244,0.115875,0.732091,0.121462,-0.032424,0.022353647153177843
109,-0.039344,-0.078457,0.130521,-0.118833,0.21591,0.792798,0.097405,0.06596235979906716
110,0.043298,0.016863,0.148485,0.323033,0.42578,0.08326,-0.040719,0.006878689297893149
111,0.084123,0.022899,0.480089,0.448308,0.01442,-0.08004,0.030201,-0.017710147520655518
112,-0.052412,-0.052131,0.286959,0.767768,0.105904,0.01924,-0.075327,0.0001463205317377642
113,0.093979,0.093619,0.938284,-0.012157,0.054873,-0.031185,-0.137413,-0.043401854152440446
114,0.097309,0.061538,-0.091089,0.214203,0.602701,0.12189,-0.006553,0.015357930015766345
115,0.017541,0.069637,-0.116933,0.000748,0.518241,0.446667,0.064099,0.04421784004219469
116,0.021381,0.018453,0.029572,0.179547,0.606396,0.128464,0.016187,0.02326772725447191
117,0.01503,-0.050668,0.604224,0.440871,-0.025284,0.015027,0.0008,-0.00933879680828636
118,-0.032586,0.107423,0.048479,0.450259,0.473732,-0.006899,-0.040407,0.006276101267189929
119,-0.037273,-0.090393,0.065708,-0.008463,0.189033,0.686001,0.195387,0.06963498890514569
120,-0.046399,0.082197,0.347237,0.467422,0.068612,0.007138,0.073793,0.0023792250680184455
121,0.002203,-0.1311,0.091032,0.285278,0.950333,-0.022437,-0.175309,0.01488527290412751
122,-0.015681,-0.072775,0.433149,0.662308,0.016796,-0.050401,0.026604,-0.0023108834516356092
123,-0.053144,-0.008946,0.111795,0.231477,0.857804,-0.028321,-0.110665,0.015077652872471047
124,-0.03521,-0.053458,0.202924,0.601959,0.328179,0.049655,-0.094049,0.006516946386986163
125,-0.038311,-0.021721,0.027626,0.415224,0.658932,-0.006249,-0.0355,0.019273198105974353
126,0.053625,0.022666,0.066723,-0.02086,0.743061,0.055399,0.079386,0.024452042540728216
127,0.061028,0.140061,0.065963,0.343585,0.312946,0.025507,0.050908,0.002552000448664991
128,0.123993,-0.003683,-0.109085,0.228264,0.813207,-0.001403,-0.051293,0.011606654634483642
129,0.093384,0.027235,0.61983,0.219177,-0.02031,0.064665,-0.003981,-0.017423684862997252
130,0.069485,0.007386,0.030823,0.506859,0.453952,0.07537,-0.143873,-0.0006482049543655756
131,0.002949,-0.079847,0.442182,0.390948,0.112359,0.130204,0.001204,0.006929793680207224
132,0.000358,0.043858,0.048478,0.05596,0.411455,0.496166,-0.056274,0.0328762936888572
133,0.018254,0.067246,0.727706,0.127001,0.042961,0.066841,-0.050008,-0.018454464352532972
134,0.009873,-0.032931,0.040534,0.372613,0.557991,0.023296,0.028625,0.020530723131201852
135,-0.015761,0.012725,0.193626,0.602608,0.182364,0.048868,-0.024429,0.003965686402437265
136,-0.032631,0.035735,0.152855,0.70344,0.226,-0.068525,-0.016875,2.748615692632064e-05
137,0.112577,-0.02595,0.516735,0.405124,0.012491,0.047868,-0.068844,-0.019463372223422603
138,0.069445,-0.033935,-0.127875,0.29023,0.729625,0.078343,-0.005833,0.024272533550493785
139,-0.011223,0.014089,0.260581,0.623612,0.091846,0.054234,-0.033139,-0.0007161813049892688
140,0.021945,0.033722,0.08386,-0.11552,0.640356,0.302002,0.033635,0.03343649812031044
141,-0.173196,0.026977,0.811758,0.392375,0.018122,-0.02199,-0.054047,-0.009371961053713787
142,0.102537,0.021312,0.858187,0.092102,-0.041126,0.006489,-0.039501,-0.030154023717745178
143,0.012516,0.018186,0.327538,0.637025,0.025063,0.026446,-0.046773,-0.008754593395967094
144,-0.087393,-0.012296,0.214969,0.706155,0.162582,-0.018302,0.034284,0.011145995090228511
145,0.026166,0.024726,0.229971,0.616995,0.127099,0.026774,-0.05173,-0.00578314515546263
146,-0.067795,0.016213,0.316594,0.781477,-0.033001,0.020261,-0.033748,-0.0028517643220909127
147,0.06011,0.060128,0.06331,0.151947,0.574764,0.108553,-0.018812,0.012286500893715748
148,0.055588,-0.0998,0.258109,0.208196,0.506065,0.047394,0.024448,0.0153293785458947
149,-0.043325,-0.039637,0.117473,0.073556,0.774819,0.211567,-0.094453,0.028825354993258234
150,0.036531,-0.049051,-0.055589,0.02513,0.944868,0.164883,-0.066773,0.031090583895694617
151,0.099813,0.064758,0.133004,0.175825,0.503541,0.052919,-0.02986,0.0014409066559492034
152,-0.021188,-0.1104,0.057853,0.146275,0.829316,0.097683,0.000462,0.0353672362072346
153,0.020487,0.053682,0.089682,0.035205,0.701288,0.032714,0.066941,0.021411035204846295
154,0.089417,0.057677,-0.003302,0.174605,0.706482,0.085206,-0.110085,0.005742386647741311
155,-0.029191,0.026853,0.358932,0.531595,0.099511,0.017317,-0.005017,-0.0017166542355121302
156,0.014209,0.08933,0.122928,-0.006156,0.275507,0.166112,0.338071,0.039573464155297805
157,0.004244,0.031955,-0.072422,0.193173,0.721911,0.26953,-0.148389,0.022895240484966706
158,-0.085547,0.002266,-0.023165,0.047711,0.914717,0.172217,-0.028198,0.04007863256363237
159,-0.015399,0.020489,0.438406,0.602843,-0.021428,0.000959,-0.025869,-0.010045839624690803
160,-0.059139,-0.033182,0.694446,0.313185,0.046932,0.025961,0.011798,-0.0031667688258711873
161,-0.050801,-0.00539,-0.070894,0.359233,0.663603,0.164047,-0.059798,0.02933005711832907
162,0.117794,0.050883,0.113034,0.127687,0.49162,0.145664,-0.046683,0.004774385522689
163,0.057396,-0.059921,0.043611,0.116027,0.842447,0.128173,-0.127734,0.017837736796378838
164,-0.014092,-0.026824,0.106324,0.638453,0.338657,0.010936,-0.053455,0.00721387765527908
165,-0.007737,0.24345,0.383319,0.405129,0.07659,-0.179762,0.079011,-0.020114492394645363
166,0.041587,-0.018399,-0.053519,0.420954,0.655693,-0.044956,-0.00136,0.015400466296015557
167,0.07467,0.032142,0.077235,0.256849,0.493031,0.023705,0.042367,0.010739995138819593
168,0.060271,0.06949,0.039614,0.061818,0.689992,0.144565,-0.06575,0.013206639784711954
169,0.043516,0.07974,0.823595,0.057018,-0.086906,0.039982,0.043054,-0.020016001713894203
170,0.121919,0.096715,0.603847,0.193445,-0.002435,-0.008251,-0.00524,-0.026826753341968435
171,-0.010041,-0.018787,0.030376,0.066227,0.81965,0.121388,-0.008813,0.030507405016954262
172,-0.02028,-0.008066,0.012229,0.071897,0.574106,0.388572,-0.018458,0.039340773794891475
173,0.046701,0.028739,0.2994,0.417413,0.183163,0.057792,-0.033208,-0.0043821019041585885
174,0.016796,0.058783,0.396048,0.291641,0.268981,-0.052554,0.020305,-0.005359421064588471
175,0.075063,0.050069,-0.00227,0.083189,0.711855,0.108482,-0.026387,0.015957457471841067
176,0.07499,0.014315,-0.039407,0.066655,0.697059,0.146639,0.039749,0.026260670157743235
177,-0.064995,-0.091158,0.041775,-0.069691,0.193172,1.017724,-0.026827,0.07214482646642943
178,-0.061123,0.002004,0.089943,0.477437,0.53179,0.007897,-0.047946,0.014871996017868101
179,-0.023293,0.076001,0.036619,0.06988,0.6794,0.2571,-0.095708,0.02297149450744123
180,-0.078981,0.029156,0.235239,0.567544,0.209844,0.021387,0.015812,0.009661348767242901
181,-0.007354,-0.009775,0.375104,0.516619,0.165329,0.024853,-0.064776,-0.0048978551231738925
182,-0.046584,0.062137,0.044052,0.495153,0.375018,-0.04376,0.113984,0.018678420591501217
183,0.08514,-0.039518,0.737514,0.27492,-0.096209,-0.003872,0.042025,-0.01771050651481656
184,0.003866,0.058755,0.264637,0.483686,0.119581,0.115136,-0.045661,-0.0012915582236083783
185,0.028281,-0.046064,-0.088507,0.209479,0.627474,0.275654,-0.006316,0.03585901109237182
186,0.114144,0.051276,0.193774,0.470453,0.161998,0.02385,-0.015494,-0.009367515146089916
187,0.036698,-0.033668,0.190769,0.267658,0.483867,0.09316,-0.038485,0.011370778348136374
188,0.015909,-0.133354,-0.046234,0.140109,0.914233,0.146326,-0.036989,0.03775819470483381
189,0.041359,0.043777,-0.022831,0.00304,0.580665,0.355312,-0.001323,0.03231684926847867
190,0.050089,0.072248,0.103479,0.527593,0.29992,-0.089158,0.03583,-0.001981978724414254
191,-0.004812,0.048123,-0.016499,0.216373,0.632627,0.092747,0.031441,0.024702140539818663
192,0.082093,-0.038577,0.579453,0.237404,0.058883,0.095467,-0.014724,-0.009266871774645639
193,0.012778,0.002761,0.27481,0.342137,0.339007,0.046138,-0.017631,0.004828387879659935
194,0.138844,-0.003023,-0.039975,-0.005066,0.877895,-0.063143,0.094467,0.019587912984801267
195,0.059738,0.073637,0.603576,0.210735,0.042591,0.012292,-0.002569,-0.01821005271017447
196,0.030867,-0.010817,0.394809,0.590015,0.057607,-0.09633,0.03385,-0.009345779455932256
197,0.083837,-0.03536,0.740898,0.004492,0.126345,0.08181,-0.002023,-0.011218758492875633
198,0.038818,-0.028792,0.127936,0.485499,0.389779,-0.031514,0.018274,0.007802821571445638
199,-0.000149,0.054894,0.322059,0.499457,0.130527,-0.022701,0.015912,-0.004327306703562093
200,0.120487,-0.045573,0.037141,0.414571,0.552283,-0.043229,-0.03568,0.0031847768718775904
201,0.033083,0.013672,0.477663,0.328714,0.073326,0.119331,-0.045789,-0.0069196470755365416
202,0.063324,-0.003888,0.497384,0.538826,-0.075735,-0.040366,0.020454,-0.015906649024180056
203,0.104231,-0.052063,0.087967,0.326494,0.458018,0.062456,0.012897,0.011496906845931217
204,-0.020888,0.07682,0.336679,0.564587,0.119535,0.008087,-0.084821,-0.011475649831067934
205,-0.03255,0.08205,0.860801,-0.010044,0.005677,0.108378,-0.014312,-0.013807793307138288
206,0.007044,-0.08396,0.256886,0.460002,0.232505,0.072171,0.055352,0.015459130375432943
207,0.001931,0.045173,0.087246,0.666853,0.239481,0.068977,-0.109661,-0.0015298270262303296
208,-0.00589,0.008334,0.432992,0.619498,-0.04139,0.031435,-0.044979,-0.010430027915177918
209,0.031073,-0.002088,0.010017,0.198388,0.789312,0.040292,-0.066995,0.016446820983538574
210,0.107078,-0.001326,0.920629,0.005549,-0.051842,0.032379,-0.012467,-0.02716119486727398
211,0.061123,0.035238,0.293539,0.341177,0.202521,0.034178,0.032223,-0.0009075146333314289
212,0.011349,-0.023667,0.187712,0.453708,0.471052,-0.103009,0.002855,0.004941954369427921
213,0.047036,0.06439,0.376506,0.578087,-0.033506,-0.003963,-0.028551,-0.01666631466873298
214,0.097372,0.235871,0.517851,-0.004749,0.104574,0.031929,0.017153,-0.02350875501187297
215,-0.00421,0.017178,0.414455,0.397963,0.214359,-0.076101,0.036357,-0.0032420354251371875
216,0.037022,0.063255,-0.010448,0.501948,0.414695,0.046114,-0.052586,0.005058501379040608
217,-0.039088,0.022548,0.214603,0.615313,0.175824,0.025885,-0.015085,0.004106879626166739
218,-0.01314,0.039153,0.195339,0.431082,0.343945,0.069457,-0.065837,0.003970416443512877
219,-0.047614,-0.036796,0.017809,0.565487,0.409862,0.054652,0.036601,0.024459027979393075
220,-0.034943,-0.023856,0.205034,0.467497,0.293044,0.069068,0.024157,0.015318754778601833
221,0.070306,0.021216,0.125489,0.115169,0.045455,0.61746,0.004905,0.02988434397326493
222,0.017553,0.080293,0.340612,0.54465,0.058908,-0.030349,-0.011666,-0.012122976524385883
223,0.094415,0.065236,0.305038,0.142757,0.398541,-0.026725,0.020739,-0.0048850074899380825
224,0.023967,0.113132,0.087435,0.059758,-0.032022,0.757523,-0.009792,0.034168225314687564
225,-0.080293,0.002514,0.040306,0.086047,0.773985,0.03756,0.139881,0.04154300045232506
226,-0.072812,0.02125,0.241984,0.567348,0.305927,-0.031672,-0.032026,0.004709415495705789
227,0.06337,0.09572,0.301142,0.387512,0.16367,-0.020693,0.009279,-0.01060312307783539
228,-0.039993,0.043279,0.044157,0.274829,0.617988,0.108524,-0.048785,0.019896435014368725
229,-0.014904,-0.132143,0.042816,0.282376,0.690517,0.210114,-0.078775,0.03243112946508788
230,0.07602,-0.098451,0.082227,0.250102,0.665028,0.082886,-0.057812,0.01657829568226563
231,0.053132,0.017052,-0.072124,0.192874,0.59957,0.135724,0.073772,0.028418253273567562
232,0.052265,-0.023276,0.049821,0.116079,0.780049,0.124085,-0.099024,0.016804619119133855
233,0.08873,0.096267,-0.013689,0.068256,-0.014898,0.521019,0.254316,0.04216734109310927
234,0.040965,-0.089354,0.72328,0.291666,-0.045946,0.089428,-0.010039,-0.009197845460341346
235,0.353753,0.438617,0.202228,0.076203,-0.005156,-0.052985,-0.01266,-0.05734373730206763
236,0.012437,-0.008138,0.177865,0.680489,0.20796,-0.015466,-0.055147,-0.0024297461842268256
237,-0.012433,0.010924,0.140943,0.505055,0.333113,0.063089,-0.04069,0.008210392839479747
238,0.026697,0.063391,0.152793,0.506168,0.252185,0.040484,-0.041718,-0.001339848738835444
239,0.031545,-0.024039,0.665482,0.320165,0.010357,0.02589,-0.0294,-0.014541470449890506
240,0.213071,0.513878,0.35708,-0.03236,0.04343,-0.08788,-0.00722,-0.054269946968838856
241,-0.079806,-0.037649,0.231289,0.627655,0.196785,0.024732,0.036994,0.015100950610655132
242,-0.024883,0.101146,0.272859,0.301939,0.336059,0.01683,-0.00395,0.0019511904879247928
243,0.08027,0.110715,0.456713,0.500573,-0.062041,-0.037408,-0.048822,-0.02794416849147647
244,-0.109865,-0.180868,0.263512,-0.113083,0.555247,0.498827,0.086231,0.06475678049302724
245,0.111995,0.156635,0.806273,0.214688,0.060028,-0.195862,-0.153758,-0.05586545258818294
246,-0.016231,0.021741,0.19113,0.322969,0.490746,0.000222,-0.010577,0.009788077546132659
247,-0.066057,-0.062173,-0.035875,0.277539,0.807671,0.090974,-0.012079,0.036375534173520775
248,0.021428,-0.003732,0.471592,0.420196,0.018334,0.068512,0.003671,-0.004943123559958677
249,0.009403,0.053501,0.111594,0.091108,0.623106,0.085437,0.025851,0.019256406783010063
250,-0.038199,0.072109,0.407681,0.440966,0.098045,0.041493,-0.022095,-0.004694205785832293
251,-0.019015,-0.026786,-0.061911,-0.02386,0.03321,0.810474,0.287889,0.07887710998741063
252,0.007238,0.034766,-0.055396,0.223632,0.760213,0.051866,-0.022319,0.021600499741176137
253,0.003665,0.01242,0.002777,0.147992,0.759516,0.12324,-0.04961,0.02344542963994668
254,0.184251,-0.040782,0.919589,0.065072,-0.051949,0.041853,-0.118034,-0.039621035726087286
255,-0.068244,-0.050482,0.061117,0.250734,0.680778,0.063001,0.063097,0.03542634492270404
256,0.034707,-0.137101,-0.101339,0.42824,0.808787,0.08123,-0.114524,0.024658392872152927
257,-0.01433,0.021334,0.448069,0.532153,0.038901,-0.036631,0.010503,-0.007862969184442126
258,0.072273,0.019344,0.015033,0.14599,0.595402,0.12344,0.028518,0.020100989693447327
259,0.038758,-0.020973,0.0144,0.025717,0.688835,0.201132,0.052131,0.033721604216224686
260,0.016842,0.003571,0.058773,0.376109,0.491464,0.06136,-0.008119,0.0149209110744048
261,-0.057026,-0.040009,0.438682,0.595347,0.159803,-0.041007,-0.055791,-0.003976739060458801
262,0.027083,-0.00948,0.014784,0.298808,0.680965,0.013301,-0.02546,0.016368590567155644
263,0.028505,-0.092976,-0.114118,0.483463,0.616125,0.063602,0.015399,0.02844509296669315
264,0.024175,-0.033352,-0.064367,0.056325,0.370756,0.497017,0.149447,0.05458324984569875
265,0.063251,-0.046749,0.040732,-0.119122,0.611522,0.499648,-0.049282,0.03889205013791457
266,-0.009457,0.041623,0.472805,0.500626,0.017194,0.029607,-0.052398,-0.012113900151983431
267,0.11881,-0.094995,-0.004728,0.220976,0.601003,0.078768,0.080166,0.025147032886192536
268,0.092681,0.023861,0.28427,0.202937,0.413518,-0.018067,0.000801,-0.0029105650640336095
269,0.008626,-0.032227,0.053693,0.00662,0.768506,0.191423,0.003359,0.03300687615432394
270,-0.049698,0.05283,0.009548,-0.037081,0.84445,0.093704,0.086247,0.03749647829837909
271,-0.027687,-0.081194,0.01637,0.211421,0.609805,0.220786,0.050499,0.04105796493176146
272,-0.023665,-0.129617,0.493734,0.279133,0.258106,0.121689,0.00062,0.01364449229912408
273,-0.031178,-0.013277,0.730576,0.284886,-0.029124,0.024011,0.034107,-0.007328546842170747
274,0.062966,-0.016575,0.648342,0.426345,-0.082601,0.046651,-0.085129,-0.022985692653446802
275,-0.025254,0.007975,0.04152,0.144433,0.740139,0.083368,0.00782,0.027262648386047753
276,0.003795,0.000321,-0.036447,0.095729,0.695162,0.227581,0.013859,0.034801320670593355
277,-0.098407,-0.086234,0.067605,0.138727,0.986286,-0.010367,0.002391,0.03781454826284199
278,0.003373,0.040934,0.221844,0.554756,0.213008,0.025666,-0.059581,-0.003272579761192455
279,0.006028,0.061912,0.039126,0.204633,0.642578,0.090716,-0.044994,0.015368344367580777
280,0.026892,0.06397,0.318002,0.615459,0.017386,-0.001533,-0.040176,-0.013332789990479967
281,0.075386,0.031783,0.549102,0.245001,0.013308,0.040767,0.044653,-0.010963075246592187
282,0.077244,0.014104,0.088684,-0.035629,0.004987,0.72511,0.125501,0.04612978880008654
283,-0.048374,-0.044624,-0.13892,0.193053,0.042092,0.465263,0.531509,0.08550905231168084
284,0.041072,0.158675,-0.014623,0.276252,0.579287,0.022426,-0.063088,0.001607370685082727
285,0.009028,0.010226,0.050127,0.041831,0.585679,0.398146,-0.095038,0.029423483837696364
286,-0.014548,0.091957,0.25688,0.521275,0.195547,-0.009747,-0.041364,-0.0063005690722816934
287,-0.031573,-0.100072,0.152344,0.720243,0.21408,0.099984,-0.055006,0.013260071338451047
288,-0.009238,0.023777,0.061931,0.485333,0.396051,0.021931,0.020217,0.01358606034143218
289,0.090728,0.132863,0.56092,0.141091,0.008582,0.073871,-0.008054,-0.020652500808563973
290,0.031994,-0.017775,0.290016,0.283825,0.352699,0.036623,0.022618,0.00738377230002892
291,0.106645,0.049812,0.099142,0.402503,0.39872,-0.004289,-0.052533,-0.00539150412412899
292,0.081193,0.031051,0.031741,-0.069166,0.702067,0.243848,-0.020735,0.023693079593072187
293,0.040681,-0.04619,-0.045432,0.215476,0.759436,0.122766,-0.046738,0.025034483819137306
294,0.021862,0.007776,0.056096,0.349991,0.443615,0.08016,0.040499,0.01844186236855657
295,-0.019906,0.03585,-0.199802,0.00518,0.635951,0.485574,0.057154,0.055415365354279184
296,-0.06674,-0.00091,0.03338,0.35533,0.59943,0.01393,0.065581,0.028638366811910683
297,-0.092058,0.260866,0.259741,0.55775,0.014143,0.059283,-0.059725,-0.011655292865835512
298,0.081322,-0.015729,-0.118096,0.120179,0.770948,0.082083,0.079293,0.030781504459794953
299,0.045679,0.042587,0.284809,0.613331,0.175081,-0.03486,-0.126629,-0.01829741922434812
300,-0.017151,-0.053182,0.405688,0.58877,0.089882,-0.006176,-0.007831,-0.0012408287349812619
301,-0.002388,0.040481,0.000869,0.082351,0.752184,0.079245,0.047259,0.028149485884981652
302,0.088473,-0.115642,-0.075936,0.29114,0.778506,0.011973,0.021486,0.025820473060864005
303,0.083614,0.047222,0.71792,0.211301,-0.114834,0.055649,-0.000872,-0.02259968716337449
304,0.052596,0.054541,0.161515,-0.088207,0.606286,0.184502,0.028768,0.020188684014773493
305,0.073833,0.071402,0.089954,0.127132,0.558225,0.115004,-0.03555,0.008509299901152035
306,-0.03945,0.030429,0.339912,0.625478,0.034256,0.007324,0.002052,-0.002285076636913992
307,0.055618,-0.028881,0.64189,0.30185,0.019289,-0.002142,0.012376,-0.013368996049441157
308,-0.003887,0.02966,0.137396,0.519276,0.364346,-0.051764,0.004973,0.004814924471222081
309,-0.031783,0.096102,0.058843,0.078514,0.792961,-0.000482,0.005845,0.01902155187797061
310,-0.092754,0.039497,0.374907,0.556984,0.123105,0.005491,-0.007231,0.0019082144434616583
311,0.110613,0.044708,-0.131736,0.058097,0.424121,0.566143,-0.071946,0.031314061639052364
312,0.068521,0.298888,0.252325,0.420218,-0.076331,-0.012787,0.049166,-0.022964995343027036
313,-0.011016,0.011524,0.051415,0.374927,0.599345,0.01432,-0.040516,0.014059638268713447
314,-0.024098,0.046767,0.143963,0.614857,0.261086,-0.043527,0.000953,0.002830286485701914
315,0.046343,-0.019283,0.041509,-0.006286,0.761842,0.26089,-0.085015,0.02579530178041976
316,-0.000475,0.027473,0.092324,-0.035465,0.61133,0.242232,0.06258,0.033687439085568656
317,0.890183,0.187696,0.22449,-0.115918,-0.177262,0.042994,-0.052183,-0.08833487869804191
318,-0.015668,0.012847,0.188453,0.592736,0.184729,0.065622,-0.02872,0.004712944818449657
319,-0.064952,0.079972,0.132437,0.724848,0.308841,-0.07124,-0.109906,-0.005497554977768985
320,0.046092,0.021605,0.022696,0.162945,0.705105,0.052147,-0.01059,0.017155308133540735
321,-0.04262,-0.059542,0.075757,0.629056,0.289191,0.07677,0.031388,0.021738807901065874
322,-0.003014,0.032273,0.058218,-0.007586,0.238197,0.643872,0.03804,0.04575925547049921
323,0.054837,0.034621,0.183845,0.322567,0.438275,0.019894,-0.054038,-0.00022774184553408985
324,0.081212,0.047417,0.115999,0.341377,0.316749,0.08639,0.010857,0.0049234276682007475
325,0.032475,0.052649,0.68373,0.15212,0.087227,0.016243,-0.024444,-0.017328552198359597
326,0.065624,0.013267,0.734808,0.224215,0.086428,-0.173732,0.049391,-0.023406325138842297
327,0.040449,0.053893,0.081065,0.561492,0.307543,-0.031386,-0.013057,-0.00048560341422615363
328,0.068551,-0.009886,0.701103,0.270962,-0.040035,-0.029666,0.038972,-0.017503599749040283
329,0.068041,-0.004963,0.007452,0.371088,0.543635,0.051077,-0.03633,0.01085534058195392
330,-0.05424,-0.072117,0.104391,0.424564,0.587918,0.009174,0.000309,0.02366272027864651
331,-0.004452,0.006818,0.125253,0.568756,0.312127,0.00529,-0.013791,0.006671641611287825
332,0.170429,0.160507,0.51149,0.37699,-0.14181,0.039309,-0.116915,-0.04240674499082058
333,-0.024515,0.024748,0.078547,-0.015498,0.714584,0.162669,0.059465,0.033814420972424285
334,-0.028316,-0.009645,0.316218,0.60494,0.084034,-0.00584,0.03861,0.0032153656297157257
335,0.010049,0.045292,0.41953,0.47622,-0.05164,0.130579,-0.030029,-0.006657264012053341
336,0.045572,0.025047,-0.060652,0.08968,-0.015394,0.503383,0.412364,0.06308869030611171
337,-0.033905,0.01248,0.184722,0.634018,0.254239,-0.039591,-0.011965,0.0034405782296936943
338,0.090419,-0.012638,0.044174,0.338085,0.721474,-0.034748,-0.146766,-0.0012768343447538584
339,0.001959,0.022574,-0.048306,0.409862,0.565927,0.108113,-0.060129,0.017530175987913208
340,-0.010894,0.047617,0.028616,0.323297,0.657662,-0.015654,-0.030643,0.013247518835080768
341,0.008475,0.053349,-0.044678,0.01746,0.715496,0.242939,0.006959,0.03256711226947222
342,0.42856,0.38155,0.265846,0.069677,0.036574,-0.120288,-0.061919,-0.06858662986973929
343,0.032898,0.020331,0.083837,0.557409,0.312361,-0.007978,0.001142,0.004528238485592447
344,0.010591,-0.050453,0.041023,0.311692,0.674415,0.101182,-0.08845,0.01864437113896602
345,-0.005445,0.068528,0.041506,0.045931,0.820101,0.002614,0.026764,0.021525504440740233
346,0.070922,-0.1037,0.126202,-0.0794,0.742934,0.290567,-0.047525,0.030960418762309296
347,-0.012196,0.09671,0.010457,-0.212346,0.838456,0.247406,0.031512,0.036077334884607945
348,0.035055,0.023226,-0.056826,0.05067,0.856385,0.105802,-0.014311,0.0262908501747924
349,-0.000666,-0.017734,-0.1574,0.125084,0.945477,0.079393,0.025845,0.03777492464857021
350,-0.061651,0.130595,0.053349,0.051581,0.57778,0.219866,0.028481,0.028707270299509466
351,-0.038801,0.02557,-0.113416,0.083723,0.721631,0.385643,-0.064351,0.04140985479178745
352,0.08516,-0.042085,-0.01517,-0.044111,0.619456,0.204403,0.192346,0.0425058234644662
353,-0.0328,0.082731,0.134097,-0.016254,0.070183,0.709808,0.052235,0.044384880737400705
354,0.036549,0.033515,0.053433,0.095946,0.647979,0.142322,-0.009743,0.020331863170056735
355,-0.068282,0.089748,0.055391,0.114439,0.79606,0.005966,0.006676,0.022794747100995758
356,0.035259,0.033042,0.305086,0.344707,0.323143,0.018221,-0.059457,-0.004849632837480622
357,-0.039383,-0.017735,0.355909,0.352241,0.385885,-0.041855,0.004938,0.006259463723220131
358,-0.036106,-0.114859,-0.046419,-0.0617,0.231884,0.990401,0.036798,0.07811003419232228
359,-0.008632,-0.01463,0.455641,0.446879,0.050717,0.00633,0.063694,0.0008117506847981166
360,0.004766,0.042513,0.009009,0.263054,0.597982,0.0428,0.039876,0.02068712421917008
361,0.059165,0.032226,-0.00757,0.005426,0.666977,0.118952,0.124824,0.03083613120907716
362,-0.023179,0.047078,-0.045167,0.040135,0.642381,0.476223,-0.137471,0.03431934493717574
363,-0.071823,0.042906,0.123822,0.716888,0.233122,-0.015383,-0.029532,0.0054605830293555065
364,0.016959,-0.005018,0.290826,0.355939,0.339471,0.059366,-0.057544,0.0018657674490224268
365,-0.030218,-0.031278,0.397754,0.584404,0.136848,-0.034659,-0.022851,-0.002962107549723367
366,-0.06209,0.014135,0.142059,0.336536,0.583017,0.040301,-0.053957,0.015731983569303054
367,0.054751,0.039523,-0.013702,-0.022708,0.269499,0.672696,-5.9e-05,0.041650286510198226
368,0.070501,0.053005,0.469827,0.542647,0.045938,-0.060836,-0.121082,-0.02925215797558525
369,0.028045,0.046109,0.210404,0.495164,0.172214,0.07607,-0.028006,-0.0006271724446358902
370,0.056892,-0.012364,-0.079883,0.480662,0.54166,0.008904,0.004129,0.015153917444128797
371,0.113908,-0.007364,-0.047853,-0.010527,0.153314,0.749853,0.048671,0.046038484471692794
372,0.080589,0.070128,0.018061,-0.032321,0.147677,0.848873,-0.133006,0.03272989407432947
373,0.016437,0.048606,0.043551,0.403935,0.32571,0.156856,0.004905,0.015267271174201494
374,0.010434,0.023765,0.661905,0.326435,-0.036027,0.038708,-0.025219,-0.015466955942068386
375,0.039425,-0.001747,0.092585,0.403393,0.408482,0.070282,-0.01242,0.010724575514669647
376,0.056081,-0.030715,0.031591,-0.07915,0.807659,0.185361,0.029173,0.03262099780964557
377,-0.129153,-0.141679,0.849911,0.410904,-0.055737,0.012032,0.053722,0.004814050857023148
378,0.275583,0.327634,0.158254,0.152576,0.014545,0.041186,0.030223,-0.034724921614380885
379,-0.016552,0.111453,0.105802,0.469608,0.421764,-0.063803,-0.028273,4.824541832634376e-06
380,0.060351,0.174103,0.574209,0.099146,0.053187,-0.031418,0.070423,-0.018889993368395364
381,-0.092192,-0.002618,0.828268,0.198835,0.073948,0.055311,-0.061552,-0.009281198216666092
382,-0.016953,-0.031549,-0.061553,-0.03654,0.019241,0.501443,0.625911,0.09027275288799921
383,-0.074988,0.024462,0.170091,0.656843,0.219069,-0.022411,0.026935,0.00978255444218155
384,-0.014226,0.005221,0.531072,0.494924,0.007957,-0.014822,-0.010128,-0.010216529082273872
385,0.119599,-0.076275,0.748833,0.401503,0.000723,-0.149198,-0.045185,-0.03206573460549895
386,-0.096912,0.035236,0.927663,0.237841,-0.046415,-0.109405,0.051992,-0.015803826102284365
387,-0.101035,0.097808,0.026582,0.066543,0.576879,0.284903,0.04832,0.039542025429235586
388,0.083048,0.047991,-0.058162,-0.041612,0.200984,0.728556,0.039196,0.04486400354188599
389,-0.039066,0.011534,0.468611,0.489222,0.132527,-0.020404,-0.042423,-0.007177156515607498
390,0.064,0.054612,0.753014,0.053644,-0.030075,0.168593,-0.063788,-0.019139506543337726
391,0.031571,0.095067,0.963573,-0.033773,-0.059176,-0.10052,0.103258,-0.025189513698824946
392,0.045016,0.189653,0.885211,0.010202,0.02885,-0.083391,-0.07554,-0.04182643029301268
393,0.039522,0.093926,0.092739,0.193117,0.482109,0.103145,-0.004557,0.009987702074021573
394,-0.025762,0.081764,-0.030772,0.141432,0.714382,0.052774,0.066182,0.02764110756354828
395,0.351243,0.438826,0.206335,0.068112,-0.083955,-0.066142,0.085581,-0.05148223149352368
396,0.063882,-0.009393,0.175979,-0.038829,0.637338,0.167305,0.003718,0.02005169743432933
397,0.017927,0.003411,0.363606,0.544908,0.10796,0.010313,-0.048127,-0.008144598024660209
398,-0.033377,-0.007754,0.193889,0.540828,0.266501,0.038502,0.001411,0.010200893497429957
399,-0.002909,0.043686,0.249704,0.617375,0.16758,-0.043157,-0.032279,-0.006272569110530199
400,0.071319,0.017844,0.433513,0.430961,0.084731,0.005105,-0.043473,-0.015136770577149374
401,0.004382,0.08181,0.029513,-0.000563,0.238981,0.60426,0.041617,0.04124579379976405
402,0.05978,-0.010203,0.580481,0.463357,0.015654,-0.111995,0.002927,-0.020476127114138296
403,0.079173,0.041435,0.101669,0.619125,0.261082,-0.043152,-0.059333,-0.00914626595360055
404,0.079002,0.08801,0.092804,0.273929,0.437489,0.010312,0.018455,0.002809550119142408
405,-0.027871,0.116617,0.472715,0.440977,-0.050133,0.020194,0.027502,-0.0100257264691386
406,0.001666,0.001856,0.273844,0.594202,0.145217,-0.033163,0.016377,-0.0007081912150767305
407,-0.10419,-0.077679,0.001272,0.204701,0.818636,0.208013,-0.050754,0.042928071002505654
408,0.057071,0.033632,0.040682,0.094257,0.566318,0.152173,0.055867,0.023205047635870647
409,0.05475,0.032964,0.083835,0.459079,0.415424,-0.020609,-0.025444,0.0017309719383968762
410,0.036738,0.028359,0.127356,0.554132,0.247483,0.046606,-0.040675,0.0006613091143177798
411,0.064285,-0.026147,0.731565,0.228251,0.069945,-0.015698,-0.0522,-0.021315625517559136
412,-0.097918,-0.071508,0.059133,-0.000994,0.829649,0.175869,0.10577,0.05280029237667053
413,-0.021787,-0.056874,0.213788,0.540646,0.322635,-0.022909,0.0245,0.011403258110222326
414,-0.074509,-0.08385,0.30038,0.524652,0.279288,0.001902,0.052137,0.017695353367656926
415,-0.033108,0.01166,0.013484,0.046695,0.639357,0.356639,-0.034726,0.03766602910058937
416,0.060386,-0.05562,1.046615,0.048557,-0.083637,0.034357,-0.050658,-0.02747861655550877
417,-0.003954,-0.218161,0.624741,0.203129,0.311691,0.025351,0.057203,0.014654993271356663
418,-0.021383,0.018006,-0.100323,0.287452,0.566001,0.240678,0.009568,0.03437183906619659
419,0.058597,0.037779,-0.038439,0.045338,0.751324,0.129227,0.016174,0.024586196236004092
420,0.010489,0.133913,0.863285,0.014468,-0.011818,-0.067534,0.057197,-0.024273502043374945
421,0.043584,0.026835,0.022823,-0.082005,0.915957,0.114209,-0.041404,0.02326100895975286
422,-0.001977,0.111518,0.890513,-0.004304,0.007773,-0.006759,0.003235,-0.02343477981061231
423,0.964013,0.005015,0.166408,-0.334168,-0.012609,0.12053,0.090812,-0.061965233045372485
424,-0.015959,0.001504,0.618608,0.432071,0.033157,0.015658,-0.085038,-0.015986709968066323
425,-0.022072,-0.065999,0.497339,0.488674,0.131811,-0.023494,-0.00626,-0.0020452901905282633
426,0.086806,0.027277,-0.022899,0.164854,0.667558,0.048828,0.027576,0.016893034620760906
427,0.802678,0.316963,0.067306,-0.013351,-0.046923,0.081445,-0.208117,-0.09293652002436623
428,0.072959,0.048018,0.164736,0.416089,0.347385,-0.029906,-0.019281,-0.004045409316268115
429,0.079001,0.027622,0.600075,0.18267,0.070508,0.030321,0.009804,-0.014349145314294329
430,-0.008991,0.015555,0.368196,0.5865,0.035656,-0.037469,0.040553,-0.0036783785362713216
431,0.014134,0.035411,0.044639,0.191934,0.543636,0.215615,-0.045369,0.020629511402543203
432,0.05624,0.050185,0.249158,0.408153,0.243112,0.020015,-0.026862,-0.005224502539783901
433,0.08828,0.093216,0.576998,0.353195,-0.042893,-0.031143,-0.037652,-0.028550914576667367
434,-0.081315,0.036338,0.157849,0.648979,0.211178,0.050784,-0.023813,0.009492625060641056
435,0.086966,0.007404,0.01262,0.14581,0.707284,0.059586,-0.01967,0.01466475882570567
436,-0.047593,-0.061582,0.298905,0.678037,0.210959,-0.156911,0.078186,0.005915143976297236
437,0.14439,-0.01575,0.26562,0.382578,0.174312,0.122066,-0.073216,-0.0088367173387762
438,-0.07503,0.003843,0.293972,0.601155,0.192217,-0.020335,0.004178,0.0055472403760141
439,0.049369,-0.001676,-0.008382,-0.087593,0.542043,0.548639,-0.0424,0.04030036069701264
440,0.058592,0.002393,0.248606,0.27571,0.486718,-0.105949,0.033929,0.0014081150215931619
441,-0.063982,0.091205,-0.042927,0.007801,0.058794,0.866948,0.08216,0.0616418130250164
442,-0.040662,-0.003298,0.134938,0.623055,0.330416,-0.005894,-0.038555,0.0074864892546222025
443,0.051391,-0.04368,0.184308,0.497542,0.308854,0.025325,-0.023741,0.0039029480790306104
444,0.009838,0.044227,0.016939,0.0469,0.674291,0.214104,-0.006299,0.027717370457537784
445,-0.001751,-0.014534,0.004239,0.174508,0.637946,0.23099,-0.031397,0.029934346249673265
446,-0.05971,-0.001304,0.470383,0.655795,0.046388,-0.070725,-0.040826,-0.009830890664755992
447,-0.032049,-0.069187,0.39725,0.577799,0.096729,0.027699,0.001759,0.0039039915864553204
448,-0.111284,0.006505,0.093531,0.036506,0.041675,0.778585,0.154482,0.06756050763512607
449,1.072353,0.358106,-0.004259,-0.031588,-0.17845,-0.185048,-0.031115,-0.11765525700086514
450,0.086901,-0.025623,0.082856,0.391894,0.449699,-0.026642,0.040914,0.008674343270516603
451,-0.000467,-0.051673,0.155051,0.24171,0.596561,0.232585,-0.173766,0.015114225009412945
452,-0.061901,0.06689,0.721587,0.329908,-0.037282,-0.0301,0.010898,-0.014348137689518224
453,-0.091902,-0.021176,0.386581,0.604787,0.070461,0.078322,-0.027075,0.005941880223916493
454,-0.066956,0.004892,0.3148,0.337642,0.350508,0.00996,0.049153,0.014012248686916983
455,0.113297,-0.079878,-0.023325,-0.124799,0.132621,0.93216,0.049924,0.059408393539652236
456,0.00704,-0.025766,0.015577,0.23109,0.764061,0.049729,-0.041731,0.021549060559830708
457,0.033429,-0.032337,0.013772,0.167856,0.816736,0.050157,-0.049613,0.020564977561496244
458,0.020885,0.050447,-0.050924,0.065621,0.814987,-0.002664,0.101649,0.02860984846654435
459,-0.025044,-0.071014,0.039548,0.378387,0.732169,0.026944,-0.08099,0.02042173489096108
460,0.069633,0.051552,0.13702,-0.078191,0.207738,0.606922,0.005325,0.03157825193580075
461,0.036224,0.042304,8.3e-05,-0.180695,0.651724,0.497512,-0.047153,0.038208161654579506
462,-0.075791,0.008466,0.253208,0.568765,0.350772,-0.125421,0.020002,0.005666066227376571
463,-0.020598,-0.020816,0.080778,0.252107,0.654189,0.041249,0.013091,0.023439758795095657
464,-0.05634,0.045069,0.047985,0.134348,-0.07093,0.636916,0.262951,0.06072925038931181
465,0.019541,-0.053133,0.075951,0.351859,0.50936,0.086138,0.010284,0.02082725034024972
466,-0.050848,-0.010174,0.043915,0.178633,0.672258,0.233194,-0.066977,0.030522052674794534
467,0.060269,-0.02313,0.235547,0.535208,0.272772,-0.017131,-0.063535,-0.005835600725032784
468,0.104586,0.077117,0.043101,0.007525,0.37207,0.417262,-0.021661,0.020618766561724088
469,0.067984,0.046435,0.142452,0.136215,0.590275,0.037394,-0.020754,0.006777189874566339
470,0.06938,-0.005185,0.027217,0.111507,0.57822,0.187474,0.031388,0.024833640590206135
471,0.02475,0.127473,0.826088,-0.050084,-0.04306,0.063597,0.051236,-0.018016667948828852
472,0.042717,-0.005465,0.200609,0.115823,0.673096,-0.029978,0.003199,0.010531524109406968
473,-0.114084,0.014418,0.313045,0.736373,0.093777,0.031905,-0.075434,0.001175318039934788
474,0.025712,0.079532,0.269074,0.484097,0.119307,0.00063,0.021649,-0.004911723087923616
475,0.03605,-0.084662,-0.17988,0.259767,0.624096,0.361866,-0.017236,0.043291381633623775
476,-0.018887,-0.13447,0.00386,0.491361,0.767755,-0.087268,-0.02235,0.023629414140865907
477,0.038479,0.059121,0.260267,0.559372,0.102215,0.02289,-0.042343,-0.00931289788318697
478,0.020682,0.041548,0.382697,0.460801,0.161321,-0.001877,-0.065172,-0.011666034325315922
479,0.063234,0.0917,0.452732,0.280494,0.086011,0.047187,-0.021358,-0.014565510128236722
480,0.038888,0.029496,0.084486,0.44678,0.470076,-0.090024,0.020298,0.004518994332694015
481,0.054099,-0.029851,0.381183,0.466439,0.069912,0.062157,-0.003939,-0.003742367191625765
482,-0.056379,0.079554,0.467957,0.350061,0.048037,0.112525,-0.001755,-0.0005012275541669472
483,0.121461,0.099317,0.956842,0.022581,-0.13918,0.015596,-0.076617,-0.04322991063346691
484,-0.028797,0.002783,0.320201,0.519597,0.17679,0.039803,-0.030377,0.0014631196441863246
485,0.065963,0.007106,-0.048058,0.091772,0.099098,0.332467,0.451651,0.058729809553499754
486,0.000629,-0.001468,-0.020707,0.249834,0.736495,0.075145,-0.039928,0.022475629083921145
487,0.002773,-0.043681,0.049203,0.10823,0.622962,0.280356,-0.019843,0.03356537002406998
488,0.013363,0.002454,0.024427,0.380216,0.524953,0.131337,-0.076749,0.014922405174023136
489,0.171606,0.141083,0.873112,-0.03427,-0.13222,0.031807,-0.051117,-0.04415715213715641
490,0.09097,0.072211,0.632189,0.164026,0.047807,0.04894,-0.056142,-0.023629441837117827
491,0.022289,0.013588,0.485879,0.443795,-0.016297,-0.003979,0.054724,-0.0068511129801737845
492,0.019785,0.018243,-0.001631,-0.048432,0.717322,0.327808,-0.033096,0.03401276732815959
493,0.010608,-0.02697,0.76616,0.380333,-0.012224,-0.032071,-0.085835,-0.0238107919087129
494,-0.061487,0.061204,0.486589,0.383193,0.180393,-0.049656,-0.000237,-0.005317448341146515
495,-0.008438,0.034041,0.072512,0.353489,0.527039,0.049382,-0.028024,0.013426021892160701
496,0.027926,0.067152,0.062926,0.20791,0.651755,-0.05355,0.035881,0.011855596525762273
497,-0.044634,0.098953,0.288473,0.514079,0.179109,-0.006083,-0.029897,-0.004269932792629768
498,0.058134,-0.059856,0.689025,0.282827,0.075781,0.026249,-0.072161,-0.017249491897372557
499,0.108236,-0.039241,-0.04451,0.298193,0.674624,0.011273,-0.008576,0.014197980377676962
500,0.013792,-0.031689,0.096851,0.008664,-0.03186,0.810071,0.134171,0.05800006688743965
501,0.061127,-0.020395,0.472447,0.391758,0.094174,0.013129,-0.01224,-0.009773018117434487
502,0.000524,0.087131,0.183829,0.426255,0.244419,0.040811,0.017031,0.0036249105666690917
503,-0.003592,-0.048957,0.39275,0.668004,0.007706,0.019304,-0.035215,-0.005221732446826061
504,0.005059,0.020961,0.263993,0.573721,0.200228,0.008541,-0.072503,-0.005707148147955812
505,0.020677,-0.081576,0.976908,-0.040122,-0.047235,0.091396,0.079952,-0.005926918571594801
506,0.006732,0.020696,0.521562,0.463213,0.115094,-0.026747,-0.100551,-0.01826858568068095
507,0.114444,0.035044,0.168705,0.563509,0.177061,-0.049338,-0.009425,-0.011216874842997633
508,0.577735,-0.261604,1.342754,0.184708,-0.419826,-0.168495,-0.255273,-0.10111610709324312
509,0.053581,0.013126,-0.001759,0.066738,0.649653,0.156992,0.061669,0.02842451613982412
510,0.066455,0.036603,0.113753,0.167088,0.616902,0.015301,-0.016103,0.00789179546040917
511,-0.06204,0.031874,0.140703,0.139851,0.490097,0.114764,0.14475,0.03392168235077347
512,-0.032168,0.03215,0.150574,0.502106,0.316747,0.078669,-0.048078,0.008219248608361323
513,0.050552,-0.056204,0.287777,0.692787,0.049055,-0.052572,0.028605,-0.004178712603162775
514,-0.039575,0.063577,0.231187,0.785253,0.127892,-0.113461,-0.054874,-0.011041801355017497
515,0.031657,0.090347,0.203752,0.647534,0.105194,0.004214,-0.082698,-0.013662745868628843
516,0.021698,0.058979,0.001852,0.072468,0.702363,0.187411,-0.044771,0.02219963121496967
517,0.062002,-0.084488,0.116842,0.234721,0.611534,0.048736,0.010652,0.018763380959150273
518,-0.017259,0.046032,0.069363,0.320093,0.486016,0.024154,0.071601,0.019695055504531826
519,0.055262,0.060271,0.171859,0.452003,0.3073,0.026773,-0.073468,-0.005965340446105874
520,0.130802,-0.033347,-0.079938,0.345845,0.727217,-0.034307,-0.056272,0.0075296948967417485
521,-0.04133,-0.046978,0.268967,0.570736,0.241609,0.040125,-0.03313,0.0076915493958325445
522,-0.077305,-0.084775,0.114977,0.501128,0.5057,0.087918,-0.047643,0.024154216233451424
523,0.062478,0.005277,0.279725,0.671345,0.112677,-0.058356,-0.073146,-0.015764426239857108
524,0.088523,-0.031775,0.026416,0.002711,0.676488,0.239251,-0.001614,0.027368931091556494
525,0.104577,0.15868,0.74895,0.059473,-0.172667,0.036013,0.064975,-0.027797716222894998
526,0.018808,0.099659,0.023711,0.074415,0.191311,0.175759,0.416338,0.04612069441463579
527,-0.034736,-0.027937,0.407228,0.356057,0.331995,-0.010145,-0.022461,0.0033542174123077765
528,-0.02914,-0.057206,0.104841,0.3176,0.55978,0.08658,0.017545,0.02609885898550942
529,0.022105,0.088647,0.184284,0.57184,0.316033,0.009193,-0.192103,-0.016257156477749307
530,0.106521,-0.020104,0.053049,0.242416,0.641465,-0.060659,0.037311,0.010121646709550961
531,0.07519,-0.142768,0.111269,-0.042177,1.062177,0.046876,-0.110568,0.02176925735244039
532,0.07534,-0.048809,0.725058,0.249,0.017356,-0.01075,-0.007195,-0.017955575092055795
533,-0.000591,0.065857,0.113577,0.536647,0.225329,0.05454,0.00464,0.005678428117590894
534,0.02855,-0.016443,0.323312,0.564974,0.095105,0.018962,-0.014459,-0.0039017644700020645
535,-0.043332,-0.016362,0.103821,0.262018,0.635353,0.002705,0.055797,0.02546885271011094
536,0.02973,-0.046824,-0.032515,0.148909,0.127751,0.659096,0.113854,0.05417502361976945
537,1.267612,-0.118774,1.301118,-1.038074,-0.295691,-0.403387,0.287195,-0.12469887558736568
538,-0.03112,0.06926,-0.054444,0.072536,0.102646,0.740724,0.100398,0.056018520859856306
539,0.055346,0.027721,0.306133,0.434519,0.086361,0.064571,0.025349,-0.002136697043502335
540,-0.035564,0.061798,-0.113846,0.200601,0.612668,0.353599,-0.079256,0.03335087324413525
541,-0.206417,-0.141445,0.191466,-0.172528,0.700639,0.730573,-0.102288,0.07233196774496924
542,-0.012548,0.042998,0.077135,0.487469,0.417107,0.071606,-0.083768,0.006820634432952225
543,-0.123165,0.048655,0.190606,0.635213,0.272712,0.044054,-0.068075,0.008672787220171275
544,0.000131,0.018821,0.129497,0.676251,0.248232,-0.030529,-0.042403,-0.0005611534618223928
545,0.000685,0.029095,0.056691,0.00037,0.691253,0.144266,0.077642,0.03205596673066968
546,0.016615,0.040176,0.197762,0.540463,0.196784,-0.032594,0.040793,0.0012505275263080397
547,-0.006509,-0.099432,0.09964,0.039386,0.276307,0.580433,0.110175,0.055760291100697
548,0.089362,-0.017493,0.757855,0.4404,-0.128036,-0.07686,-0.065228,-0.03394291380973832
549,-0.01342,0.006956,0.146385,0.638001,0.215744,0.012921,-0.006587,0.005505961518365345
550,0.001844,0.008101,0.33168,0.584068,0.123771,-0.007839,-0.041625,-0.006494375917326916
551,-0.034091,-0.012215,-0.100039,0.086327,0.805688,0.248259,0.006071,0.04315890389289019
552,-0.08463,0.067471,-0.000865,0.011958,0.514163,0.550576,-0.058673,0.044819994759146324
553,0.190885,0.236907,0.704931,0.058864,-0.131592,0.014459,-0.074453,-0.04997717874257151
554,0.00168,0.150808,0.952055,0.038791,-0.047681,-0.074815,-0.020837,-0.03459595554404596
555,0.032987,0.118154,0.071262,0.040193,0.710125,0.059813,-0.032533,0.010544773180065685
556,0.009706,0.11887,0.056575,0.021304,0.657879,0.135983,-0.000317,0.018464500169250584
557,0.025482,0.092604,-0.051393,-0.021208,0.225387,0.754491,-0.025363,0.04328700687849553
558,0.006572,-0.079778,0.241056,-0.00191,0.633767,0.181648,0.018644,0.02882780493589564
559,-0.015568,-0.014426,-0.010236,0.052761,0.947491,0.019478,0.0205,0.03158123627342748
560,-0.03395,0.013141,-0.010818,0.115732,0.681866,0.136214,0.097815,0.03818931448432572
561,0.732026,0.379029,0.090119,-0.118748,-0.017745,0.054649,-0.119329,-0.08440038666725475
562,-0.150932,-0.113286,0.028401,0.280752,0.909109,0.120474,-0.074518,0.04308919512240661
563,0.016589,0.093388,0.640491,0.179452,0.047305,-0.034725,0.057501,-0.01411635896095233
564,0.136302,0.071016,0.458184,0.267547,0.122494,-0.020406,-0.035137,-0.023381580195238658
565,-0.025771,-0.006229,0.227344,0.512426,0.261329,0.00101,0.029892,0.008966516464479614
566,0.075058,0.077158,-0.188527,-0.077847,0.624415,0.456525,0.033217,0.041540575750251454
567,0.057921,-0.031801,-0.040978,0.235948,0.634902,0.22219,-0.078182,0.022622051851014915
568,0.031827,0.065837,0.04781,0.302586,0.451022,0.074408,0.02651,0.013383312034121738
569,-0.077122,0.14222,0.741696,0.084122,0.020181,0.082467,0.006437,-0.01018564570834172
570,-0.210053,0.087645,-0.077219,0.077088,0.119162,0.873618,0.129759,0.07998838689091076
571,0.072829,0.011278,-0.089549,0.125211,0.894648,0.096773,-0.11119,0.016799961253419683
572,-0.074297,-0.188865,0.175289,-0.196095,0.294206,1.179015,-0.189254,0.07276140827737981
573,0.037535,-0.002337,0.070765,0.287011,0.57962,0.001992,0.025414,0.015103991854196327
574,-0.059841,-0.019445,0.152873,0.522744,0.538311,-0.077367,-0.057275,0.008988432862980088
575,-0.044578,-0.033959,0.240191,0.776998,0.128278,-0.066429,-0.000501,0.0017860051979909886
576,-0.004196,0.032884,0.135632,0.638642,0.246909,-0.015932,-0.033939,0.00041233353252359897
577,-0.012439,0.043793,0.109508,-0.024389,0.685786,0.148948,0.048793,0.028714997627149307
578,0.041093,0.07321,0.260837,0.597474,0.038107,-0.013224,0.002503,-0.010079235942202664
579,0.002729,-0.017567,0.604468,0.487298,-0.101382,0.014303,0.010151,-0.011320289706603733
580,-0.0015,-0.048623,0.102856,0.242951,0.595505,0.118008,-0.009198,0.023913295051494938
581,0.103858,-0.015878,-0.004324,0.21375,0.678458,0.044098,-0.019964,0.013351808278602988
582,0.020454,0.035903,0.289799,0.257803,0.295613,0.049674,0.050754,0.007141254449803388
583,0.100713,0.074695,0.15075,0.352411,0.374141,-0.024875,-0.027835,-0.007095478468632947
584,-0.022089,0.046837,0.219726,0.44635,0.253765,0.066093,-0.010683,0.006007726404135584
585,0.044028,0.133288,0.389692,0.396696,0.058945,0.012741,-0.035391,-0.017739505356940664
586,0.004119,0.134501,0.312208,0.426156,0.16917,-0.03407,-0.012084,-0.01081051815525442
587,-0.011788,-0.060729,0.045248,0.172668,0.901953,-0.012586,-0.034767,0.024747739431557673
588,0.042543,0.002033,-0.028014,-0.061553,0.844992,0.227908,-0.027908,0.03169149995276702
589,-0.059263,-0.039859,0.812958,0.071099,0.129729,0.076147,0.009189,-0.0007643010776182342
590,-0.028247,-0.021452,0.288282,0.426657,0.288624,0.006071,0.040064,0.010451284600125836
591,0.025588,0.032966,0.387805,0.464286,0.115147,-0.006893,-0.0189,-0.009145311000446094
592,-0.013355,-0.003705,0.13682,0.644848,0.270748,0.014695,-0.050052,0.004015617002654335
593,0.31745,0.562451,0.075823,0.005116,-0.062268,0.049337,0.052091,-0.04830170032966525
594,-0.00139,0.026269,0.382535,0.60075,0.067325,-0.059676,-0.015814,-0.010520697302993053
595,-0.002118,0.056815,0.965828,-0.005209,-0.075534,0.066204,-0.005985,-0.020937345514671114
596,0.084653,-0.00168,-0.048227,0.294997,0.582806,0.08349,0.003961,0.016982345245030436
597,0.003822,-0.101254,-0.032803,0.341443,0.801746,0.027047,-0.04,0.02676265726433817
598,-0.078193,-0.036198,0.188328,0.639482,0.260053,0.02364,0.002887,0.014454459388667627
599,-0.003062,-0.010831,0.060962,0.409852,0.500381,0.010712,0.031987,0.018002530334020616
600,-0.02001,0.052081,0.084926,0.464044,0.39009,0.009852,0.019016,0.011435963771406633
601,-0.044803,-0.008989,0.079162,0.528435,0.443622,-0.039796,0.042369,0.01731797357996938
602,0.011363,-0.018083,0.129884,0.615712,0.268352,0.01962,-0.026848,0.005256386954652593
603,-0.057188,0.033066,-0.121302,0.118197,0.789319,0.115583,0.122323,0.04509488614150368
604,-0.077516,-0.012445,0.155584,0.613669,0.263336,0.047572,0.0098,0.015916408277908325
605,-0.106607,-0.056933,-0.025491,0.081499,0.919103,0.2388,-0.050371,0.04693553682059435
606,0.089404,0.025543,0.338055,0.528712,0.009707,0.082222,-0.073641,-0.014896280582169734
607,-0.001048,0.077482,0.8328,0.123635,0.055072,-0.05146,-0.03648,-0.025162398883116097
608,0.069603,-0.092791,-0.232761,-0.084564,0.075384,1.028505,0.236624,0.08848061084867131
609,-0.041686,-0.009385,0.012598,-0.044864,0.862847,0.205004,0.015486,0.040829472099078605
610,-0.013228,0.004511,0.286523,0.354884,0.34787,-0.000602,0.020042,0.007310438910149643
611,-0.14,0.090285,-0.010261,0.071316,-0.02232,0.468227,0.542753,0.08197064117704846
612,0.233996,0.13079,0.347295,0.244018,-0.005705,0.042927,0.006679,-0.027665209144685163
613,-0.109142,0.014058,0.622786,0.28837,0.137566,0.019485,0.026876,0.0030335699831686904
614,0.116495,0.013473,0.012834,0.222329,0.574574,0.096139,-0.035845,0.009371775351120963
615,-0.047492,0.0362,0.198493,0.672916,0.200448,-0.051092,-0.009473,0.0011101060868752423
616,0.018294,-0.002221,0.105853,0.270601,0.572016,0.021639,0.013819,0.015719014397294697
617,0.080551,0.076973,0.206495,0.506511,0.277339,-0.080775,-0.067094,-0.01595255946348329
618,0.016477,0.00513,0.122801,0.219656,0.582908,0.109747,-0.056719,0.01426885302758075
619,0.123226,0.0393,0.00931,0.236028,0.592946,0.028341,-0.029152,0.00471834914009603
620,0.108357,-0.038703,-0.043211,0.006781,0.75518,0.169188,0.042408,0.02958807252109696
621,0.05345,0.070439,0.041482,-0.057822,0.409842,0.512985,-0.030376,0.030644962440544182
622,0.013935,-0.005213,0.80584,0.452501,-0.049176,-0.054603,-0.163285,-0.03506842707574431
623,0.027945,-0.013231,0.113124,0.244554,0.548487,0.042512,0.036609,0.017966401830299638
624,-0.012196,-0.005955,-0.001407,-0.160115,0.957145,0.223679,-0.001152,0.040677578860243896
625,0.030946,-0.013949,0.4492,0.566386,-0.009937,-0.002752,-0.019894,-0.011444674409667902
626,0.031258,0.010601,0.089241,0.146342,0.692561,0.07717,-0.047174,0.015327482415947322
627,0.005416,0.067769,0.436897,0.458727,0.002011,0.037655,-0.008475,-0.009977174395456328
628,0.182918,0.294799,0.507423,0.159259,0.027822,-0.07717,-0.09505,-0.05096521078504424
629,0.021241,0.087465,0.827214,0.011937,-0.058452,0.058404,0.052191,-0.016222085396103987
630,-0.027129,0.060069,0.231206,0.644791,0.170498,-0.053265,-0.026169,-0.004824474826844911
631,0.054496,0.033126,0.066559,0.249992,0.561154,0.028793,0.00588,0.011346284469275847
632,-0.038362,-0.00816,0.230712,0.404268,0.403237,0.051192,-0.042887,0.010112154606949931
633,0.018057,-0.037827,0.266792,0.619719,0.083295,0.004381,0.045583,0.0034188608004941767
634,-0.066297,0.145206,0.661578,0.213025,0.057755,0.015579,-0.026847,-0.0151159751980393
635,0.031964,-0.106411,-0.006495,0.113626,0.889952,0.077319,4.6e-05,0.032820039543085176
636,0.022804,-0.031603,0.682242,0.318704,0.077749,-0.060794,-0.009103,-0.01532029406595109
637,0.004243,0.103569,-0.018514,-0.011988,0.781936,0.153877,-0.013124,0.024461309969039516
638,0.069617,0.208674,0.830601,0.092005,-0.138306,-0.065073,0.002483,-0.03993540518423327
639,-0.029118,-0.004193,0.037936,0.352002,0.401919,0.271191,-0.029736,0.027214920959967824
640,-0.060508,0.081655,0.040749,0.172902,0.607125,0.145129,0.012948,0.026667321197151168
641,0.008607,-0.024936,0.421995,0.663419,-0.012865,-0.016669,-0.03955,-0.01107138825308963
642,-0.116606,-0.209279,0.527714,0.443397,0.606356,-0.195506,-0.056077,0.01016466379738699
643,0.134557,0.049325,0.766544,0.086136,-0.05165,0.011375,0.003714,-0.02830710873287332
644,0.045886,0.055659,0.599088,0.445746,-0.082839,-0.015219,-0.04832,-0.024766468351452603
645,0.045536,0.01133,0.057449,0.049091,0.761707,0.043671,0.031217,0.021528985382888964
646,0.046512,0.03153,0.69425,0.179474,0.004528,0.031383,0.012324,-0.015562748105937088
647,0.113663,0.093272,0.606633,0.376507,-0.138968,0.02923,-0.080336,-0.03388029913910751
648,0.018135,-0.041743,0.732496,0.29478,-0.022119,0.016225,0.002226,-0.012702667957325274
649,0.150678,0.002846,-0.078575,0.212442,0.763053,-0.051245,0.000801,0.008893677107377422
650,0.013509,0.087156,0.381983,0.61599,-0.06857,0.065368,-0.095436,-0.018135769677103515
651,-0.038878,0.010709,0.388274,0.670375,0.072457,-0.097173,-0.005763,-0.008041027129473417
652,0.011385,0.060672,0.174838,0.586498,0.128458,0.024785,0.013363,0.00024692431842915125
653,0.033117,-0.022504,0.444546,0.531454,-0.006728,0.006385,0.01373,-0.0075325948097305214
654,0.067716,-0.011327,0.080712,0.175373,0.745194,0.163082,-0.22075,0.005058028996088468
655,0.083066,-0.009715,0.926464,0.135175,-0.084051,-0.042723,-0.008217,-0.02970620778341057
656,-0.050511,-0.056367,-0.011717,0.139922,0.869856,0.149738,-0.040921,0.03673001786280173
657,-0.055695,-0.036035,-0.001536,0.321561,0.700499,0.067811,0.003395,0.03069885206131865
658,-0.048512,-0.016229,0.013901,-0.006587,0.896339,0.107184,0.053904,0.04029319743031175
659,-0.01179,0.024518,-0.100161,0.426903,0.593665,0.050053,0.016812,0.023727379383010224
660,0.037214,0.011572,0.277007,0.583041,0.149148,-0.029672,-0.028311,-0.007636919702723634
661,-0.020153,0.052591,0.068865,0.480492,0.514597,-0.033456,-0.062936,0.005358772764000705
662,-0.064179,0.035105,0.303327,0.665068,0.127205,-0.062285,-0.004241,-0.0019518270138779079
663,0.36138,0.251226,0.516947,0.030274,0.01848,0.009891,-0.188198,-0.06604451760353214
664,-0.033845,0.027906,0.719427,0.241511,-0.020716,0.043444,0.022274,-0.008785411787777354
665,-0.024468,0.062725,0.293791,0.837617,-0.048718,-0.098506,-0.022442,-0.014389551086949092
666,0.188283,0.061009,-0.02867,-0.167153,0.022315,0.683015,0.241201,0.0457113769847135
667,0.008028,0.017811,0.30335,0.570094,0.090682,0.035554,-0.025519,-0.0038181242693017224
668,0.0284,0.035724,0.196998,0.441935,0.262836,0.033077,0.001029,0.002560017363402532
669,0.037174,0.020472,0.214027,0.700209,0.129363,-0.070548,-0.030698,-0.009718585755694837
670,0.085527,0.009603,0.106445,0.47921,0.34128,0.016286,-0.038351,-0.0008048711643200064
671,0.079138,0.200355,0.54391,0.048768,0.013879,0.050483,0.063467,-0.017995763787364463
672,0.040393,-0.045073,0.028118,0.280128,0.730429,-0.045263,0.011268,0.01803528079627462
673,0.048247,0.016387,0.528431,0.420322,0.0892,-0.031017,-0.071569,-0.019804629543004597
674,0.014988,-0.003267,0.153722,0.477112,0.38434,-0.017734,-0.009161,0.00596812892957576
675,0.013097,0.054629,0.130627,0.576411,0.291901,-0.025549,-0.041117,-0.0020198513328416917
676,0.701729,0.143742,0.184342,-0.050849,0.095191,-0.114337,0.040182,-0.06451132446783676
677,0.003023,-0.003752,0.397076,0.553889,0.049117,0.063501,-0.062854,-0.007091001768073925
678,0.056234,0.022445,0.078798,0.618826,0.211597,0.022112,-0.010012,0.0009214053052351877
679,-0.091275,-0.004828,0.086098,0.18961,0.398983,0.453373,-0.03196,0.04110664458553845
680,0.052599,-0.086727,-0.030313,-0.006567,0.954393,0.152423,-0.03581,0.03350492645933542
681,-0.196182,-0.197483,-0.028877,0.458261,0.556675,0.499619,-0.092014,0.06363755732873537
682,-0.006068,-0.024743,0.173114,0.737786,0.27252,-0.131933,-0.020676,-0.002017572436019287
683,-0.020445,-0.038007,0.284798,0.513809,0.278064,-0.001339,-0.016881,0.005190983411149515
684,0.027575,0.066967,0.270323,0.424011,0.063506,0.063981,0.083638,0.0031648504707421695
685,0.006534,0.033724,-0.015977,0.517002,0.513647,0.037284,-0.092213,0.007701419391533262
686,-0.004001,0.073393,0.104,0.465948,0.379732,-0.036338,0.017267,0.005566293771580099
687,0.000453,0.05738,-0.113627,0.317312,0.733076,-0.003151,0.008557,0.02108768644974154
688,0.001724,-0.018234,-0.159675,-0.051989,1.025236,0.147824,0.055113,0.04612063454563875
689,0.12992,-0.046149,-0.094679,0.086103,0.860386,0.082244,-0.017825,0.02196238614009692
690,0.011533,-0.037356,0.340298,0.569045,0.160065,-0.048787,0.005204,-0.002361972502315353
691,0.024761,-0.050904,-0.04541,0.173265,0.849624,0.074746,-0.026083,0.02785240144397394
692,-0.026017,0.011812,0.081918,-0.121235,-0.066516,1.155357,-0.03532,0.06322746313687033
693,-0.078186,0.004719,0.137779,0.581876,0.349119,-0.004566,0.00926,0.014596809471798235
694,0.05302,-0.032486,0.023738,-0.324519,0.767111,0.52201,-0.008875,0.048012054320047355
695,-0.14055,0.063111,0.045727,0.577868,0.451418,0.011202,-0.008777,0.02031574613874405
696,0.024904,0.068412,0.308348,0.552416,0.042156,-0.052872,0.056637,-0.007112377181762368
697,-0.023637,0.059602,0.047429,-0.043272,0.015272,0.779137,0.165469,0.05926308019959224
698,-0.088279,-0.038497,-0.027483,0.078368,0.581659,0.481306,0.012926,0.05535937244925572
699,-0.100224,-0.048926,0.558926,0.691302,-0.033028,-0.039723,-0.028326,-0.005291370654310051
700,0.056276,-0.028052,-0.017761,0.326462,0.564991,0.183421,-0.085337,0.017424251543182726
701,-0.113629,-0.044641,-0.047806,-0.033999,1.030301,0.294206,-0.084432,0.05034481911322222
702,0.062878,0.023112,0.446135,0.338419,0.080388,0.083798,-0.034729,-0.009914956113567007
703,0.07004,0.060949,0.381352,0.490639,0.035966,-0.005678,-0.033267,-0.017130490016721435
704,0.051356,0.090619,0.127405,0.391395,0.30644,0.032654,0.000131,0.00040781601946899627
705,-9.6e-05,-0.005323,0.0304,0.311997,0.578791,0.127232,-0.043002,0.020299378066618586
706,0.030641,0.010191,0.316384,0.712624,0.148601,-0.12986,-0.088581,-0.018896467891741472
707,-0.028316,0.046027,0.098952,0.049228,0.226524,0.482108,0.125477,0.0441148351662196
708,0.39798,0.330205,0.478832,-0.15477,-0.076772,0.104597,-0.080072,-0.059901541779980236
709,-0.089358,0.070283,0.107038,0.60707,0.354201,0.008772,-0.058006,0.007701547835119113
710,0.13787,0.036105,0.679287,0.255032,0.029761,-0.064894,-0.073161,-0.034825492956843736
711,0.002531,0.085284,0.423584,0.564918,0.009915,0.004419,-0.090652,-0.0192072975087091
712,-0.015662,-0.003778,0.162329,0.418595,0.54017,-0.036027,-0.065627,0.006180875900028832
713,-0.091253,-0.045327,0.004596,-0.019463,0.877751,0.256761,0.016935,0.05024683180472159
714,0.110488,-0.035066,0.004581,-0.060329,0.249147,0.681977,0.049202,0.04519613207075342
715,0.023528,-0.014781,-0.018481,0.303567,0.630541,0.064019,0.011607,0.022516129697553254
716,-0.033458,0.042768,0.398664,0.619319,-0.005803,0.032061,-0.053552,-0.009166949880829028
717,-0.001145,0.032179,0.091934,-0.044514,0.17838,0.657953,0.085213,0.04823239968912712
718,0.132389,0.001636,0.759142,0.146157,-0.06223,0.039123,-0.016217,-0.025819477087291265
719,0.028026,-0.027901,0.108092,0.025258,0.132764,0.701846,0.031915,0.045561076405664716
720,0.018496,0.031151,0.247143,0.580554,0.103647,-0.015634,0.034643,-0.001450453312101251
721,-0.010773,0.038784,0.038714,0.179501,0.427729,0.298745,0.027301,0.030627801639081804
722,0.001787,-0.028402,0.085646,0.519204,0.372369,0.039715,0.009681,0.014497781309120297
723,0.01447,-0.001008,0.088877,0.486611,0.344168,0.028709,0.038173,0.013095777424869977
724,-0.076517,-0.134167,-0.139552,0.086245,0.738055,0.636345,-0.110409,0.06423935862359628
725,-0.068213,0.014642,-0.081419,0.033899,-0.008935,0.879679,0.230347,0.07881348100601399
726,0.021604,-0.038349,0.070513,0.471075,0.486864,0.011242,-0.022948,0.012277356688154793
727,0.133938,0.059304,0.569784,0.171818,0.013725,0.055475,-0.004044,-0.020829964351370914
728,0.03991,0.046667,-0.101597,0.065598,1.043681,0.037267,-0.131527,0.016337361590367194
729,-0.037449,0.043265,0.063652,-0.091798,0.907681,0.123657,-0.009008,0.03088180443216577
730,0.002703,0.006318,-0.048939,0.106788,0.729348,0.274771,-0.070988,0.031051488260403468
731,0.033908,0.014917,0.190218,0.526239,0.227096,-0.022887,0.030509,0.0018639581271641965
732,0.030802,-0.00691,0.433351,0.538415,0.084419,-0.01436,-0.065717,-0.01370075239505854
733,0.09272,-0.025816,-0.037216,0.251662,0.58904,0.224439,-0.094828,0.017039580020823262
734,0.060425,-0.133807,0.101687,0.170105,0.673177,0.123572,0.004842,0.027201797909446154
735,-0.066589,0.009685,0.46428,0.643463,0.042788,-0.080467,-0.01316,-0.007997879649857705
736,-0.00695,-0.071952,-0.016116,-0.127938,0.317619,0.871198,0.03414,0.06798739259647865
737,-0.002019,0.085336,0.025597,0.472871,0.349263,0.054596,0.014356,0.010716823017235184
738,0.02818,-0.023593,0.198622,0.365306,0.472134,-0.038664,-0.001984,0.006660450383973369
739,0.567268,0.331386,0.247556,-0.151194,-0.014895,0.003151,0.016727,-0.06369668021829936
740,-0.045819,-0.074592,0.58264,0.390275,0.151338,-0.0415,0.037657,0.0015938527320044239
741,0.032613,0.057698,0.636096,0.216518,0.024881,-0.050281,0.082475,-0.012633351905152461
742,-0.098116,0.026199,0.532053,0.532078,0.009073,-0.069965,0.068679,-0.00113828579259576
743,-0.20925,-0.010235,0.430864,0.57504,0.258021,0.098299,-0.14274,0.009318528503512617
744,-0.071313,-0.025685,0.240433,0.501346,0.277396,0.071174,0.00665,0.01564607282613407
745,0.142444,-0.119926,0.783197,0.264563,-0.067634,-0.026932,0.024288,-0.021009878243240243
746,-0.050491,0.030044,-0.108177,0.296854,0.806301,0.077732,-0.052263,0.027582992624814433
747,0.035948,-0.040595,0.02108,0.06459,0.692302,0.244633,-0.017957,0.031338651512769725
748,0.014089,0.018696,-0.089965,0.087361,0.529521,0.451121,-0.010824,0.04065801361389325
749,0.042947,0.027762,0.7288,0.249519,-0.067125,0.071551,-0.053454,-0.02108602811873323
