Date,close
2013-01-02,56.05876541137695
2013-01-03,55.86872863769531
2013-01-04,56.30309677124024
2013-01-07,56.366432189941406
2013-01-08,55.91274642944336
2013-01-09,56.40273666381836
2013-01-10,56.62957763671875
2013-01-11,56.82011795043945
2013-01-14,56.87456130981445
2013-01-15,57.11956405639648
2013-01-16,57.11956405639648
2013-01-17,57.745643615722656
2013-01-18,57.78193283081055
2013-01-22,57.872676849365234
2013-01-23,57.77287292480469
2013-01-24,57.908973693847656
2013-01-25,57.80916595458984
2013-01-28,57.96342468261719
2013-01-29,57.96342468261719
2013-01-30,57.21936798095703
2013-01-31,56.602352142333984
2013-02-01,57.07418823242188
2013-02-04,56.33920669555664
2013-02-05,57.22845077514648
2013-02-06,57.08326721191406
2013-02-07,56.484405517578125
2013-02-08,55.81291961669922
2013-02-11,55.73126220703125
2013-02-12,55.74941253662109
2013-02-13,55.74941253662109
2013-02-14,55.13239288330078
2013-02-15,56.321067810058594
2013-02-19,56.44810485839844
2013-02-20,55.73126220703125
2013-02-21,55.62238311767578
2013-02-22,56.96531677246094
2013-02-25,56.27569580078125
2013-02-26,56.83827590942383
2013-02-27,57.85453796386719
2013-02-28,58.49877548217773
2013-03-01,59.0159912109375
2013-03-04,60.132057189941406
2013-03-05,61.59293746948242
2013-03-06,61.69274520874024
2013-03-07,61.63831329345703
2013-03-08,61.4749870300293
2013-03-11,60.39518356323242
2013-03-12,60.21372985839844
2013-03-13,60.11392211914063
2013-03-14,60.050384521484375
2013-03-15,59.369876861572266
2013-03-18,59.35172271728516
2013-03-19,59.24282836914063
2013-03-20,59.13393020629883
2013-03-21,59.25189971923828
2013-03-22,59.46965408325195
2013-03-25,58.834503173828125
2013-03-26,59.642086029052734
2013-03-27,59.406158447265625
2013-03-28,59.57855987548828
2013-04-01,59.070430755615234
2013-04-02,59.324493408203125
2013-04-03,58.60764694213867
2013-04-04,58.716556549072266
2013-04-05,58.48971176147461
2013-04-08,58.08030319213867
2013-04-09,58.04390335083008
2013-04-10,58.97188186645508
2013-04-11,59.07195281982422
2013-04-12,58.862701416015625
2013-04-15,57.38886260986328
2013-04-16,58.4260139465332
2013-04-17,57.35247039794922
2013-04-18,56.87030029296875
2013-04-19,57.28878784179688
2013-04-22,57.18871688842773
2013-04-23,58.20766067504883
2013-04-24,58.398719787597656
2013-04-25,51.93928527832031
2013-04-26,53.99540328979492
2013-04-29,55.44193649291992
2013-04-30,54.25922775268555
2013-05-01,54.55945587158203
2013-05-02,54.65043258666992
2013-05-03,54.82329940795898
2013-05-06,55.269081115722656
2013-05-07,55.0962142944336
2013-05-08,55.03253936767578
2013-05-09,53.67697525024414
2013-05-10,54.76870727539063
2013-05-13,53.66787338256836
2013-05-14,53.77703857421875
2013-05-15,55.12350463867188
2013-05-16,54.45028305053711
2013-05-17,55.15990829467773
2013-05-20,54.25922775268555
2013-05-21,52.667118072509766
2013-05-22,53.303955078125
2013-05-23,53.45861053466797
2013-05-24,52.67621612548828
2013-05-28,53.77703857421875
2013-05-29,53.9044189453125
2013-05-30,53.97719192504883
2013-05-31,53.16748809814453
2013-06-03,52.830867767333984
2013-06-04,52.56703567504883
2013-06-05,52.3759880065918
2013-06-06,53.17658996582031
2013-06-07,54.09545135498047
2013-06-10,53.649696350097656
2013-06-11,52.52154922485352
2013-06-12,52.56703567504883
2013-06-13,52.73990631103516
2013-06-14,52.31229782104492
2013-06-17,52.79447937011719
2013-06-18,53.404029846191406
2013-06-19,53.16748809814453
2013-06-20,52.63072967529297
2013-06-21,52.63982772827149
2013-06-24,52.32140350341797
2013-06-25,53.50410842895508
2013-06-26,54.08636474609375
2013-06-27,55.305477142333984
2013-06-28,55.53292846679688
2013-07-01,57.45256042480469
2013-07-02,56.74292755126953
2013-07-03,56.75202178955078
2013-07-05,56.90667343139648
2013-07-08,57.44491195678711
2013-07-09,57.69123840332031
2013-07-10,57.80069732666016
2013-07-11,58.731204986572266
2013-07-12,59.04137420654297
2013-07-15,59.141727447509766
2013-07-16,59.187313079833984
2013-07-17,59.3059196472168
2013-07-18,59.17820358276367
2013-07-19,58.45752716064453
2013-07-22,58.758575439453125
2013-07-23,58.17473602294922
2013-07-24,57.57262802124024
2013-07-25,57.62737274169922
2013-07-26,58.31157684326172
2013-07-29,57.96491241455078
2013-07-30,57.78245544433594
2013-07-31,58.31157684326172
2013-08-01,58.831539154052734
2013-08-02,58.2841911315918
2013-08-05,58.31157684326172
2013-08-06,58.065242767333984
2013-08-07,58.494022369384766
2013-08-08,58.56699752807617
2013-08-09,58.795066833496094
2013-08-12,58.99576187133789
2013-08-13,59.29681396484375
2013-08-14,59.08697128295898
2013-08-15,58.229469299316406
2013-08-16,58.60348892211914
2013-08-19,57.85543823242188
2013-08-20,57.60000991821289
2013-08-21,57.49053192138672
2013-08-22,58.028770446777344
2013-08-23,58.54875183105469
2013-08-26,58.67646408081055
2013-08-27,58.1199836730957
2013-08-28,57.837196350097656
2013-08-29,58.010528564453125
2013-08-30,57.95578384399414
2013-09-03,58.15647888183594
2013-09-04,58.53050994873047
2013-09-05,58.54875183105469
2013-09-06,58.795066833496094
2013-09-09,59.70732879638672
2013-09-10,60.50096893310547
2013-09-11,60.50096893310547
2013-09-12,59.70732879638672
2013-09-13,60.16344451904297
2013-09-16,60.1269645690918
2013-09-17,60.48273468017578
2013-09-18,60.28204345703125
2013-09-19,60.592227935791016
2013-09-20,60.975341796875
2013-09-23,60.58309173583984
2013-09-24,60.17256546020508
2013-09-25,60.44624328613281
2013-09-26,60.53748321533203
2013-09-27,60.67432403564453
2013-09-30,60.49185562133789
2013-10-01,60.61958312988281
2013-10-02,60.61958312988281
2013-10-03,60.05397415161133
2013-10-04,60.48273468017578
2013-10-07,60.428001403808594
2013-10-08,59.83333969116211
2013-10-09,59.73269271850586
2013-10-10,60.19928359985352
2013-10-11,61.23308563232422
2013-10-14,61.6905403137207
2013-10-15,61.07756805419922
2013-10-16,61.29713821411133
2013-10-17,62.212013244628906
2013-10-18,62.88903045654297
2013-10-21,63.13603210449219
2013-10-22,63.556915283203125
2013-10-23,63.29159927368164
2013-10-24,63.87710571289063
2013-10-25,64.4443359375
2013-10-28,64.81027221679688
2013-10-29,65.39584350585938
2013-10-30,65.37751770019531
2013-10-31,65.33177185058594
2013-11-01,65.25859069824219
2013-11-04,65.33177185058594
2013-11-05,65.6520004272461
2013-11-06,66.09112548828125
2013-11-07,65.57880401611328
2013-11-08,66.31069946289062
2013-11-11,66.12773895263672
2013-11-12,66.24665069580078
2013-11-13,66.74984741210938
2013-11-14,66.93283081054688
2013-11-15,67.3994140625
2013-11-18,67.16154479980469
2013-11-19,67.11580657958984
2013-11-20,66.91451263427734
2013-11-21,66.93283081054688
2013-11-22,65.89900207519531
2013-11-25,66.53941345214844
2013-11-26,66.64004516601562
2013-11-27,67.28046417236328
2013-11-29,67.91175079345703
2013-12-02,67.91175079345703
2013-12-03,68.03067779541016
2013-12-04,68.01239013671875
2013-12-05,67.71047973632812
2013-12-06,68.53386688232422
2013-12-09,68.06724548339844
2013-12-10,68.61619567871094
2013-12-11,68.18621063232422
2013-12-12,67.91175079345703
2013-12-13,68.63449096679688
2013-12-16,68.48812103271484
2013-12-17,68.3326187133789
2013-12-18,69.35724639892578
2013-12-19,69.24749755859375
2013-12-20,68.87239074707031
2013-12-23,69.82384490966797
2013-12-24,69.91533660888672
2013-12-26,69.85131072998047
2013-12-27,69.61343383789062
2013-12-30,70.05257415771484
2013-12-31,69.82384490966797
2014-01-02,69.47618865966797
2014-01-03,69.3481216430664
2014-01-06,69.29322814941406
2014-01-07,70.5008544921875
2014-01-08,70.10648345947266
2014-01-09,70.2807388305664
2014-01-10,69.92306518554688
2014-01-13,68.79496765136719
2014-01-14,69.75796508789062
2014-01-15,70.41831970214844
2014-01-16,70.42749786376953
2014-01-17,70.61092376708984
2014-01-21,69.86803436279297
2014-01-22,69.30857849121094
2014-01-23,69.07929992675781
2014-01-24,67.171630859375
2014-01-27,67.00650787353516
2014-01-28,67.39176940917969
2014-01-29,67.11662292480469
2014-01-30,68.04293060302734
2014-01-31,67.18080139160156
2014-02-03,64.94296264648438
2014-02-04,65.0346908569336
2014-02-05,64.88792419433594
2014-02-06,65.14473724365234
2014-02-07,65.52994537353516
2014-02-10,65.52994537353516
2014-02-11,66.6947021484375
2014-02-12,63.94327545166016
2014-02-13,64.86043548583984
2014-02-14,65.75007629394531
2014-02-18,66.99736022949219
2014-02-19,67.33672332763672
2014-02-20,67.7310791015625
2014-02-21,70.84021759033203
2014-02-24,70.99610900878906
2014-02-25,70.9227523803711
2014-02-26,71.2620849609375
2014-02-27,71.62894439697266
2014-02-28,71.6748275756836
2014-03-03,71.41800689697266
2014-03-04,74.20614624023438
2014-03-05,73.94933319091797
2014-03-06,74.04103088378906
2014-03-07,75.38922882080078
2014-03-10,75.04073333740234
2014-03-11,74.53628540039062
2014-03-12,74.22444152832031
2014-03-13,73.50907897949219
2014-03-14,73.2889633178711
2014-03-17,73.87596130371094
2014-03-18,73.97685241699219
2014-03-19,73.56412506103516
2014-03-20,74.00432586669922
2014-03-21,72.85791778564453
2014-03-24,72.28009796142578
2014-03-25,72.15172576904297
2014-03-26,71.28044891357422
2014-03-27,71.15202331542969
2014-03-28,71.3262939453125
2014-03-31,71.28959655761719
2014-04-01,72.35347747802734
2014-04-02,72.42687225341797
2014-04-03,72.0691909790039
2014-04-04,70.79436492919922
2014-04-07,68.59320831298828
2014-04-08,68.5380630493164
2014-04-09,69.06214904785156
2014-04-10,67.6645278930664
2014-04-11,66.68067932128906
2014-04-14,67.47144317626953
2014-04-15,67.80245208740234
2014-04-16,68.28978729248047
2014-04-17,68.0691146850586
2014-04-21,68.0415267944336
2014-04-22,68.8138656616211
2014-04-23,68.40009307861328
2014-04-24,68.18865966796875
2014-04-25,69.27362060546875
2014-04-28,68.67596435546875
2014-04-29,69.32877349853516
2014-04-30,69.65057373046875
2014-05-01,69.81610107421875
2014-05-02,69.22765350341797
2014-05-05,69.48511505126953
2014-05-06,68.65755462646484
2014-05-07,68.33573913574219
2014-05-08,68.61158752441406
2014-05-09,68.88744354248047
2014-05-12,69.98162841796875
2014-05-13,69.59544372558594
2014-05-14,68.9518051147461
2014-05-15,68.11507415771484
2014-05-16,69.42994689941406
2014-05-19,70.86432647705078
2014-05-20,70.65283966064453
2014-05-21,71.23209381103516
2014-05-22,72.013671875
2014-05-23,73.18138885498047
2014-05-27,73.6871337890625
2014-05-28,72.71247100830078
2014-05-29,72.74006652832031
2014-05-30,72.90558624267578
2014-06-02,73.03429412841797
2014-06-03,72.99749755859375
2014-06-04,72.9147720336914
2014-06-05,72.96993255615234
2014-06-06,73.58596801757812
2014-06-09,73.4112548828125
2014-06-10,72.7860336303711
2014-06-11,72.79522705078125
2014-06-12,72.55616760253906
2014-06-13,72.62971496582031
2014-06-16,72.55616760253906
2014-06-17,72.4918212890625
2014-06-18,72.94237518310547
2014-06-19,72.90558624267578
2014-06-20,73.0986557006836
2014-06-23,73.25496673583984
2014-06-24,74.0641098022461
2014-06-25,74.58821868896484
2014-06-26,74.44110870361328
2014-06-27,74.7721176147461
2014-06-30,74.04570770263672
2014-07-01,74.73534393310547
2014-07-02,74.75371551513672
2014-07-03,75.60882568359375
2014-07-07,74.68016052246094
2014-07-08,74.79075622558594
2014-07-09,74.7077865600586
2014-07-10,74.11795806884766
2014-07-11,74.14559936523438
2014-07-14,74.95664978027344
2014-07-15,74.80917358398438
2014-07-16,75.14099884033203
2014-07-17,74.44974517822266
2014-07-18,75.50041961669922
2014-07-21,75.04882049560547
2014-07-22,75.6939697265625
2014-07-23,75.60179138183594
2014-07-24,76.11792755126953
2014-07-25,76.16399383544922
2014-07-28,76.35753631591797
2014-07-29,76.20084381103516
2014-07-30,76.76307678222656
2014-07-31,75.54652404785156
2014-08-01,74.24700927734375
2014-08-04,74.6709213256836
2014-08-05,74.14559936523438
2014-08-06,74.61565399169922
2014-08-07,74.50504302978516
2014-08-08,75.00273132324219
2014-08-11,75.38981628417969
2014-08-12,75.60179138183594
2014-08-13,76.84600067138672
2014-08-14,77.24230194091797
2014-08-15,77.15936279296875
2014-08-18,77.81373596191406
2014-08-19,78.69847869873047
2014-08-20,78.58788299560547
2014-08-21,79.08560180664062
2014-08-22,77.02111053466797
2014-08-25,76.40363311767578
2014-08-26,76.16399383544922
2014-08-27,76.18242645263672
2014-08-28,76.82758331298828
2014-08-29,76.66167449951172
2014-09-02,76.38519287109375
2014-09-03,75.68476104736328
2014-09-04,75.81378173828125
2014-09-05,77.39896392822266
2014-09-08,77.56487274169922
2014-09-09,76.9104995727539
2014-09-10,77.95195770263672
2014-09-11,78.48653411865234
2014-09-12,77.40821838378906
2014-09-15,77.06719207763672
2014-09-16,77.21466064453125
2014-09-17,77.70313262939453
2014-09-18,78.94733428955078
2014-09-19,79.92426300048828
2014-09-22,78.81828308105469
2014-09-23,78.72615814208984
2014-09-24,79.8966293334961
2014-09-25,78.20081329345703
2014-09-26,79.30675506591797
2014-09-29,80.90119934082031
2014-09-30,80.78140258789062
2014-10-01,79.00263977050781
2014-10-02,77.89665985107422
2014-10-03,78.57866668701172
2014-10-06,78.02569580078125
2014-10-07,76.00732421875
2014-10-08,77.46794891357422
2014-10-09,75.62831115722656
2014-10-10,74.11221313476562
2014-10-13,73.65922546386719
2014-10-14,73.39115905761719
2014-10-15,73.49283599853516
2014-10-16,72.69783782958984
2014-10-17,74.90725708007812
2014-10-20,74.91648864746094
2014-10-21,77.07044982910156
2014-10-22,75.76697540283203
2014-10-23,77.21832275390625
2014-10-24,78.54029083251953
2014-10-27,78.58650207519531
2014-10-28,79.8067626953125
2014-10-29,79.39075469970703
2014-10-30,80.26898193359375
2014-10-31,81.35980987548828
2014-11-03,81.66487121582031
2014-11-04,81.76657104492188
2014-11-05,82.0254135131836
2014-11-06,82.39518737792969
2014-11-07,82.09935760498047
2014-11-10,83.08850860595703
2014-11-11,83.85578918457031
2014-11-12,82.84815216064453
2014-11-13,83.60623168945312
2014-11-14,83.83731079101562
2014-11-17,84.05915069580078
2014-11-18,84.43820190429688
2014-11-19,84.51212310791016
2014-11-20,83.87428283691406
2014-11-21,84.78949737548828
2014-11-24,85.66767883300781
2014-11-25,85.65845489501953
2014-11-26,85.27017974853516
2014-11-28,86.77702331542969
2014-12-01,87.00814056396484
2014-12-02,86.27783203125
2014-12-03,86.61985778808594
2014-12-04,86.77702331542969
2014-12-05,86.60139465332031
2014-12-08,86.30555725097656
2014-12-09,85.71393585205078
2014-12-10,85.5660171508789
2014-12-11,86.3148193359375
2014-12-12,85.20549011230469
2014-12-15,85.66767883300781
2014-12-16,85.15001678466797
2014-12-17,85.86184692382812
2014-12-18,87.34091186523438
2014-12-19,86.82324981689453
2014-12-22,87.53506469726562
2014-12-23,87.96028900146484
2014-12-24,87.44261932373047
2014-12-26,87.07283782958984
2014-12-29,86.67532348632812
2014-12-30,86.07443237304688
2014-12-31,85.22396087646484
2015-01-02,84.31803131103516
2015-01-05,83.98522186279297
2015-01-06,81.40604400634766
2015-01-07,82.20330810546875
2015-01-08,83.30654907226562
2015-01-09,81.55437469482422
2015-01-12,80.3955307006836
2015-01-13,80.01544189453125
2015-01-14,79.9412612915039
2015-01-15,78.87515258789062
2015-01-16,80.11744689941406
2015-01-20,81.04446411132812
2015-01-21,80.09888458251953
2015-01-22,82.31456756591797
2015-01-23,82.89862823486328
2015-01-26,82.84300994873047
2015-01-27,81.99935150146484
2015-01-28,81.11862182617188
2015-01-29,81.99935150146484
2015-01-30,80.48822784423828
2015-02-02,81.84175109863281
2015-02-03,83.89986419677734
2015-02-04,83.93693542480469
2015-02-05,85.02162170410156
2015-02-06,81.42459106445312
2015-02-09,81.433837890625
2015-02-10,82.6390380859375
2015-02-11,82.31456756591797
2015-02-12,82.87078857421875
2015-02-13,83.6680908203125
2015-02-17,83.51976013183594
2015-02-18,83.21382141113281
2015-02-19,84.46537017822266
2015-02-20,89.666259765625
2015-02-23,89.31395721435547
2015-02-24,90.27809143066406
2015-02-25,90.51914978027344
2015-02-26,90.55622863769533
2015-02-27,90.5098876953125
2015-03-02,91.48328399658205
2015-03-03,90.85286712646484
2015-03-04,90.34300231933594
2015-03-05,90.9641571044922
2015-03-06,90.305908203125
2015-03-09,90.52841186523438
2015-03-10,88.43323516845703
2015-03-11,88.2385482788086
2015-03-12,89.62911987304688
2015-03-13,90.63965606689452
2015-03-16,92.13224029541016
2015-03-17,91.76144409179688
2015-03-18,92.64212036132812
2015-03-19,92.5030746459961
2015-03-20,93.1056671142578
2015-03-23,92.82752227783205
2015-03-24,92.42887878417967
2015-03-25,90.2224578857422
2015-03-26,89.87942504882812
2015-03-27,89.98143768310547
2015-03-30,91.06610870361328
2015-03-31,89.88872528076172
2015-04-01,90.55622863769533
2015-04-02,91.31640625
2015-04-06,90.71382904052734
2015-04-07,90.2502899169922
2015-04-08,91.01245880126952
2015-04-09,91.021728515625
2015-04-10,91.91402435302734
2015-04-13,90.98455047607422
2015-04-14,90.97525787353516
2015-04-15,91.04961395263672
2015-04-16,90.51983642578124
2015-04-17,88.83753204345703
2015-04-20,89.83204650878906
2015-04-21,90.38043212890624
2015-04-22,93.09445190429688
2015-04-23,94.29341888427734
2015-04-24,94.08895111083984
2015-04-27,94.4328384399414
2015-04-28,94.47930908203124
2015-04-29,94.04246520996094
2015-04-30,93.25244903564452
2015-05-01,93.49411010742188
2015-05-04,94.1447296142578
2015-05-05,92.95500946044922
2015-05-06,92.5181655883789
2015-05-07,93.0107879638672
2015-05-08,95.501708984375
2015-05-11,95.11135864257812
2015-05-12,95.04629516601562
2015-05-13,95.02769470214844
2015-05-14,96.4962387084961
2015-05-15,95.11135864257812
2015-05-18,95.12064361572266
2015-05-19,95.98503112792967
2015-05-20,96.0873031616211
2015-05-21,96.81227111816406
2015-05-22,99.2288589477539
2015-05-26,97.28629302978516
2015-05-27,97.76959991455078
2015-05-28,97.67664337158205
2015-05-29,96.8029556274414
2015-06-01,98.9127960205078
2015-06-02,98.72693634033205
2015-06-03,99.30320739746094
2015-06-04,98.02054595947266
2015-06-05,98.15066528320312
2015-06-08,97.12825012207033
2015-06-09,97.25839233398438
2015-06-10,99.8980484008789
2015-06-11,98.36443328857422
2015-06-12,97.3420639038086
2015-06-15,95.78055572509766
2015-06-16,96.41259765625
2015-06-17,96.51481628417967
2015-06-18,97.02603149414062
2015-06-19,96.96096801757812
2015-06-22,98.05774688720705
2015-06-23,97.36993408203124
2015-06-24,95.78055572509766
2015-06-25,96.29175567626952
2015-06-26,95.9571533203125
2015-06-29,93.89376068115234
2015-06-30,93.66139221191406
2015-07-01,94.45145416259766
2015-07-02,94.25625610351562
2015-07-06,94.73026275634766
2015-07-07,96.27318572998048
2015-07-08,96.3663558959961
2015-07-09,96.506103515625
2015-07-10,97.2328109741211
2015-07-13,98.2297592163086
2015-07-14,98.60242462158205
2015-07-15,99.06829071044922
2015-07-16,100.7173843383789
2015-07-17,99.4782257080078
2015-07-20,99.34780883789062
2015-07-21,98.90058135986328
2015-07-22,99.43164825439452
2015-07-23,99.92542266845705
2015-07-24,99.40369415283205
2015-07-27,97.82911682128906
2015-07-28,98.42542266845705
2015-07-29,98.3135986328125
2015-07-30,98.5185775756836
2015-07-31,98.54651641845705
2015-08-03,97.87567901611328
2015-08-04,98.37882232666016
2015-08-05,99.48756408691406
2015-08-06,97.0557861328125
2015-08-07,98.2390594482422
2015-08-10,97.81980895996094
2015-08-11,97.47504425048828
2015-08-12,97.5682373046875
2015-08-13,97.73595428466795
2015-08-14,98.40676879882812
2015-08-17,98.3508758544922
2015-08-18,98.4999542236328
2015-08-19,99.01239013671876
2015-08-20,95.90049743652344
2015-08-21,83.18270874023438
2015-08-24,78.4962158203125
2015-08-25,74.41536712646484
2015-08-26,77.60179138183594
2015-08-27,80.68572998046875
2015-08-28,80.32237243652344
2015-08-31,79.89376831054688
2015-09-01,78.3564682006836
2015-09-02,79.96830749511719
2015-09-03,80.16397094726562
2015-09-04,79.31612396240234
2015-09-08,81.74786376953125
2015-09-09,80.72300720214844
2015-09-10,82.26962280273438
2015-09-11,83.21066284179688
2015-09-14,82.75411987304688
2015-09-15,82.9124984741211
2015-09-16,83.35971069335938
2015-09-17,79.91243743896484
2015-09-18,79.65153503417969
2015-09-21,80.88136291503906
2015-09-22,80.91867065429688
2015-09-23,81.60810089111328
2015-09-24,81.85968017578125
2015-09-25,81.87830352783203
2015-09-28,80.33171081542969
2015-09-29,80.90003204345703
2015-09-30,82.68888854980469
2015-10-01,82.7913818359375
2015-10-02,83.38768005371094
2015-10-05,85.07404327392578
2015-10-06,84.60819244384766
2015-10-07,85.02885437011719
2015-10-08,86.27217102050781
2015-10-09,86.6554183959961
2015-10-12,87.13214111328125
2015-10-13,85.40277099609375
2015-10-14,84.51473236083984
2015-10-15,86.40302276611328
2015-10-16,87.51542663574219
2015-10-19,87.94541931152344
2015-10-20,88.15109252929688
2015-10-21,87.74913024902344
2015-10-22,90.5441436767578
2015-10-23,91.55372619628906
2015-10-26,91.3387451171875
2015-10-27,91.63787078857422
2015-10-28,91.6004867553711
2015-10-29,91.37610626220705
2015-10-30,91.07698059082033
2015-11-02,91.15177154541016
2015-11-03,91.3387451171875
2015-11-04,92.40441131591795
2015-11-05,91.40416717529295
2015-11-06,91.8715591430664
2015-11-09,91.15177154541016
2015-11-10,92.4324188232422
2015-11-11,92.90917205810548
2015-11-12,91.65657043457033
2015-11-13,90.23567199707033
2015-11-16,90.58155822753906
2015-11-17,90.14220428466795
2015-11-18,90.3198013305664
2015-11-19,91.06764221191406
2015-11-20,96.47075653076172
2015-11-23,94.44225311279295
2015-11-24,93.25504302978516
2015-11-25,93.3391571044922
2015-11-27,93.64765167236328
2015-11-30,93.66636657714844
2015-12-01,95.1526870727539
2015-12-02,93.0120086669922
2015-12-03,90.095458984375
2015-12-04,92.19873809814452
2015-12-07,92.38568878173828
2015-12-08,91.908935546875
2015-12-09,91.34806823730467
2015-12-10,90.66566467285156
2015-12-11,89.85240936279297
2015-12-14,90.02068328857422
2015-12-15,91.59109497070312
2015-12-16,92.59133911132812
2015-12-17,91.4883041381836
2015-12-18,89.33824920654297
2015-12-21,89.44109344482422
2015-12-22,90.871337890625
2015-12-23,91.6098175048828
2015-12-24,91.22652435302734
2015-12-28,91.81546783447266
2015-12-29,92.8624496459961
2015-12-30,91.8715591430664
2015-12-31,90.20762634277344
2016-01-04,88.22584533691406
2016-01-05,89.69346618652344
2016-01-06,90.01130676269531
2016-01-07,88.557861328125
2016-01-08,87.3388442993164
2016-01-11,88.14527130126953
2016-01-12,88.94232940673828
2016-01-13,85.98851776123047
2016-01-14,88.4453125
2016-01-15,85.79158020019531
2016-01-19,85.21956634521484
2016-01-20,86.26045989990234
2016-01-21,86.22293853759766
2016-01-22,87.77958679199219
2016-01-25,86.01667785644531
2016-01-26,86.8699722290039
2016-01-27,85.1164321899414
2016-01-28,86.2979965209961
2016-01-29,89.56121826171875
2016-02-01,90.3676528930664
2016-02-02,88.28593444824219
2016-02-03,89.91754913330078
2016-02-04,90.72400665283205
2016-02-05,86.07292175292969
2016-02-08,85.2571029663086
2016-02-09,84.51629638671875
2016-02-10,84.63821411132812
2016-02-11,85.71658325195312
2016-02-12,88.67037963867188
2016-02-16,89.42054748535156
2016-02-17,92.2336883544922
2016-02-18,90.46141815185548
2016-02-19,91.13658905029295
2016-02-22,92.13054656982422
2016-02-23,91.2959976196289
2016-02-24,92.67442321777344
2016-02-25,93.83719635009766
2016-02-26,89.78627014160156
2016-02-29,90.6208267211914
2016-03-01,92.70256042480467
2016-03-02,92.48688507080078
2016-03-03,91.62419891357422
2016-03-04,93.00262451171876
2016-03-07,93.19017028808594
2016-03-08,93.08704376220705
2016-03-09,93.27456665039062
2016-03-10,91.91488647460938
2016-03-11,93.73403930664062
2016-03-14,93.23706817626952
2016-03-15,93.14328002929688
2016-03-16,94.0435028076172
2016-03-17,94.54986572265624
2016-03-18,95.6563720703125
2016-03-21,95.6563720703125
2016-03-22,95.78763580322266
2016-03-23,95.36568450927734
2016-03-24,95.54383850097656
2016-03-28,95.6938705444336
2016-03-29,96.18150329589844
2016-03-30,96.75347900390624
2016-03-31,97.53179931640624
2016-04-01,98.16942596435548
2016-04-04,98.4226303100586
2016-04-05,97.42865753173828
2016-04-06,98.58202362060548
2016-04-07,97.02098846435548
2016-04-08,97.21845245361328
2016-04-11,96.5037612915039
2016-04-12,96.58839416503906
2016-04-13,97.1526336669922
2016-04-14,96.79529571533205
2016-04-15,96.70124053955078
2016-04-18,97.6040267944336
2016-04-19,97.72628021240234
2016-04-20,97.55701446533205
2016-04-21,96.20281982421876
2016-04-22,96.23104858398438
2016-04-25,96.25926208496094
2016-04-26,97.72628021240234
2016-04-27,97.34070587158205
2016-04-28,95.32826232910156
2016-04-29,94.87688446044922
2016-05-02,96.1181869506836
2016-05-03,95.35648345947266
2016-05-04,93.93647003173828
2016-05-05,94.41606903076172
2016-05-06,95.01792907714844
2016-05-09,95.61038208007812
2016-05-10,96.6730499267578
2016-05-11,96.22164154052734
2016-05-12,96.1181869506836
2016-05-13,95.94893646240234
2016-05-16,97.54762268066406
2016-05-17,96.06175231933594
2016-05-18,96.57898712158205
2016-05-19,95.37527465820312
2016-05-20,96.88934326171876
2016-05-23,98.38455200195312
2016-05-24,100.91422271728516
2016-05-25,98.76071166992188
2016-05-26,100.46282196044922
2016-05-27,101.45966339111328
2016-05-31,100.30298614501952
2016-06-01,100.81079864501952
2016-06-02,101.67595672607422
2016-06-03,101.0458984375
2016-06-06,101.6853485107422
2016-06-07,101.98627471923828
2016-06-08,101.027099609375
2016-06-09,101.11173248291016
2016-06-10,100.0960922241211
2016-06-13,99.36255645751952
2016-06-14,99.8892059326172
2016-06-15,99.94562530517578
2016-06-16,100.14310455322266
2016-06-17,99.08047485351562
2016-06-20,100.95185089111328
2016-06-21,101.46906280517578
2016-06-22,100.10549926757812
2016-06-23,102.4564971923828
2016-06-24,99.05224609375
2016-06-27,97.97077178955078
2016-06-28,99.6728973388672
2016-06-29,102.77619934082033
2016-06-30,104.95795440673828
2016-07-01,105.24007415771484
2016-07-05,106.02059173583984
2016-07-06,106.5284194946289
2016-07-07,107.44059753417967
2016-07-08,108.88323211669922
2016-07-11,109.02462768554688
2016-07-12,109.69406127929688
2016-07-13,109.29806518554688
2016-07-14,109.74122619628906
2016-07-15,108.41178131103516
2016-07-18,108.66634368896484
2016-07-19,108.22320556640624
2016-07-20,108.23262786865234
2016-07-21,106.72402954101562
2016-07-22,107.54430389404295
2016-07-25,107.44059753417967
2016-07-26,107.12944793701172
2016-07-27,106.11114501953124
2016-07-28,105.63970947265624
2016-07-29,104.6496810913086
2016-08-01,104.4328384399414
2016-08-02,102.9808120727539
2016-08-03,103.55597686767578
2016-08-04,103.62196350097656
2016-08-05,105.12113189697266
2016-08-08,105.62086486816406
2016-08-09,105.7245635986328
2016-08-10,106.41287994384766
2016-08-11,106.6863021850586
2016-08-12,105.68684387207033
2016-08-15,106.84660339355467
2016-08-16,106.045166015625
2016-08-17,106.29972076416016
2016-08-18,106.11114501953124
2016-08-19,106.35626983642578
2016-08-22,106.11114501953124
2016-08-23,107.33688354492188
2016-08-24,103.57479095458984
2016-08-25,103.71622467041016
2016-08-26,104.0179672241211
2016-08-29,104.4328384399414
2016-08-30,104.80056762695312
2016-08-31,105.08340454101562
2016-09-01,105.92259216308594
2016-09-02,105.66802215576172
2016-09-06,105.00801849365234
2016-09-07,105.57371520996094
2016-09-08,104.62141418457033
2016-09-09,103.0090789794922
2016-09-12,103.2825164794922
2016-09-13,100.6047134399414
2016-09-14,101.9342041015625
2016-09-15,103.48997497558594
2016-09-16,102.77337646484376
2016-09-19,102.75453186035156
2016-09-20,102.7450942993164
2016-09-21,104.45171356201172
2016-09-22,104.4328384399414
2016-09-23,103.62196350097656
2016-09-26,102.75453186035156
2016-09-27,103.81998443603516
2016-09-28,103.88597106933594
2016-09-29,103.065673828125
2016-09-30,103.72570037841795
2016-10-03,102.92424774169922
2016-10-04,103.12223815917967
2016-10-05,102.72496032714844
2016-10-06,102.9425277709961
2016-10-07,101.6278305053711
2016-10-10,102.2899169921875
2016-10-11,101.1927719116211
2016-10-12,101.70350646972656
2016-10-13,101.0130844116211
2016-10-14,101.1927719116211
2016-10-17,101.0887451171875
2016-10-18,101.3441162109375
2016-10-19,102.32775115966795
2016-10-20,102.05348205566406
2016-10-21,102.57366943359376
2016-10-24,103.68973541259766
2016-10-25,102.45072174072266
2016-10-26,101.977783203125
2016-10-27,101.49542999267578
2016-10-28,102.30884552001952
2016-10-31,102.84795379638672
2016-11-01,101.5710906982422
2016-11-02,100.445556640625
2016-11-03,99.87808227539062
2016-11-04,99.575439453125
2016-11-07,102.05348205566406
2016-11-08,102.47908020019533
2016-11-09,103.4343719482422
2016-11-10,103.31139373779295
2016-11-11,105.34490203857422
2016-11-14,104.04914855957033
2016-11-15,104.89092254638672
2016-11-16,104.8530731201172
2016-11-17,107.63377380371094
2016-11-18,109.6956558227539
2016-11-21,109.4024429321289
2016-11-22,110.12126922607422
2016-11-23,109.54432678222656
2016-11-25,109.78077697753906
2016-11-28,109.44027709960938
2016-11-29,109.86589050292967
2016-11-30,107.5202865600586
2016-12-01,107.22708129882812
2016-12-02,107.12303924560548
2016-12-05,108.6646957397461
2016-12-06,108.32422637939452
2016-12-07,110.29150390625
2016-12-08,111.29408264160156
2016-12-09,110.64144897460938
2016-12-12,109.74293518066406
2016-12-13,111.40758514404295
2016-12-14,111.29408264160156
2016-12-15,111.39811706542967
2016-12-16,110.9535675048828
2016-12-19,111.74810028076172
2016-12-20,111.9750747680664
2016-12-21,111.31300354003906
2016-12-22,110.57527160644533
2016-12-23,110.58474731445312
2016-12-27,110.5658187866211
2016-12-28,109.20381927490234
2016-12-29,108.6930923461914
2016-12-30,108.3998794555664
2017-01-03,108.53231811523438
2017-01-04,108.74986267089844
2017-01-05,109.42137908935548
2017-01-06,110.85374450683594
2017-01-09,110.52176666259766
2017-01-10,110.14229583740234
2017-01-11,110.3984146118164
2017-01-12,111.02450561523438
2017-01-13,111.08142852783205
2017-01-17,110.12332916259766
2017-01-18,109.83873748779295
2017-01-19,109.99050903320312
2017-01-20,111.08142852783205
2017-01-23,111.08142852783205
2017-01-24,112.64662170410156
2017-01-25,113.84183502197266
2017-01-26,112.37151336669922
2017-01-27,112.49484252929688
2017-01-30,112.43792724609376
2017-01-31,112.48536682128906
2017-02-01,111.6600570678711
2017-02-02,111.7739028930664
2017-02-03,112.2861557006836
2017-02-06,111.83081817626952
2017-02-07,111.44189453125
2017-02-08,110.5596923828125
2017-02-09,110.12332916259766
2017-02-10,111.48931884765624
2017-02-13,112.31461334228516
2017-02-14,112.73199462890624
2017-02-15,112.83633422851562
2017-02-16,113.1114273071289
2017-02-17,113.6995620727539
2017-02-21,113.70906066894533
2017-02-22,113.29165649414062
2017-02-23,114.49641418457033
2017-02-24,121.43067169189452
2017-02-27,119.3816909790039
2017-02-28,118.99279022216795
2017-03-01,118.1295394897461
2017-03-02,118.73664855957033
2017-03-03,119.95085906982422
2017-03-06,119.61882019042967
2017-03-07,118.95484924316406
2017-03-08,119.14453125
2017-03-09,118.34773254394533
2017-03-10,118.51844787597656
2017-03-13,118.5279541015625
2017-03-14,117.92083740234376
2017-03-15,118.26233673095705
2017-03-16,117.95877838134766
2017-03-17,117.55091094970705
2017-03-20,117.05762481689452
2017-03-21,114.82839965820312
2017-03-22,114.89480590820312
2017-03-23,113.82290649414062
2017-03-24,113.56676483154295
2017-03-27,112.36200714111328
2017-03-28,111.9351806640625
2017-03-29,111.82132720947266
2017-03-30,109.67749786376952
2017-03-31,110.02847290039062
2017-04-03,110.19922637939452
2017-04-04,110.06639862060548
2017-04-05,110.5596923828125
2017-04-06,112.08190155029295
2017-04-07,112.70028686523438
2017-04-10,112.8525161743164
2017-04-11,112.90959930419922
2017-04-12,112.1009292602539
2017-04-13,112.15801239013672
2017-04-17,112.87155151367188
2017-04-18,113.54701232910156
2017-04-19,113.1855010986328
2017-04-20,112.51953887939452
2017-04-21,112.60514831542967
2017-04-24,112.98570251464844
2017-04-25,113.29015350341795
2017-04-26,110.17914581298828
2017-04-27,119.50265502929688
2017-04-28,119.1221160888672
2017-05-01,119.4170150756836
2017-05-02,119.78805541992188
2017-05-03,119.4931182861328
2017-05-04,119.82611846923828
2017-05-05,120.0068817138672
2017-05-08,120.03543090820312
2017-05-09,120.56819915771484
2017-05-10,120.91068267822266
2017-05-11,120.71089935302734
2017-05-12,120.35887908935548
2017-05-15,121.42440795898438
2017-05-16,121.3007583618164
2017-05-17,119.2552719116211
2017-05-18,119.06502532958984
2017-05-19,119.2838363647461
2017-05-22,120.97730255126952
2017-05-23,122.87051391601562
2017-05-24,131.1284942626953
2017-05-25,131.63270568847656
2017-05-26,131.822998046875
2017-05-30,133.24057006835938
2017-05-31,133.80186462402344
2017-06-01,134.4582977294922
2017-06-02,135.86639404296875
2017-06-05,135.71412658691406
2017-06-06,134.74371337890625
2017-06-07,135.0672149658203
2017-06-08,135.77122497558594
2017-06-09,133.3927764892578
2017-06-12,132.9456329345703
2017-06-13,133.0788116455078
2017-06-14,133.373779296875
2017-06-15,133.19300842285156
2017-06-16,132.70777893066406
2017-06-19,133.90650939941406
2017-06-20,133.35470581054688
2017-06-21,133.43081665039062
2017-06-22,133.1834716796875
2017-06-23,133.57351684570312
2017-06-26,131.6707305908203
2017-06-27,128.71200561523438
2017-06-28,128.7880859375
2017-06-29,126.62848663330078
2017-06-30,126.35260009765624
2017-07-03,125.27753448486328
2017-07-05,125.5629425048828
2017-07-06,125.04786682128906
2017-07-07,125.81095123291016
2017-07-10,125.78231048583984
2017-07-11,126.24968719482422
2017-07-12,127.3179702758789
2017-07-13,126.28785705566406
2017-07-14,126.74568939208984
2017-07-17,126.9269027709961
2017-07-18,127.48015594482422
2017-07-19,128.94906616210938
2017-07-20,129.1016387939453
2017-07-21,128.615234375
2017-07-24,129.96011352539062
2017-07-25,130.52288818359375
2017-07-26,130.80902099609375
2017-07-27,130.55148315429688
2017-07-28,129.3782501220703
2017-07-31,130.8757781982422
2017-08-01,131.0855712890625
2017-08-02,130.22715759277344
2017-08-03,130.80902099609375
2017-08-04,130.58006286621094
2017-08-07,130.3416748046875
2017-08-08,129.89334106445312
2017-08-09,130.50379943847656
2017-08-10,128.92044067382812
2017-08-11,130.29396057128906
2017-08-14,132.4781951904297
2017-08-15,131.12380981445312
2017-08-16,131.55299377441406
2017-08-17,128.2527313232422
2017-08-18,127.91888427734376
2017-08-21,129.63580322265625
2017-08-22,131.77239990234375
2017-08-23,129.26380920410156
2017-08-24,129.0825653076172
2017-08-25,131.00929260253906
2017-08-28,131.533935546875
2017-08-29,131.6388397216797
2017-08-30,133.5083770751953
2017-08-31,134.9200439453125
2017-09-01,135.34925842285156
2017-09-05,135.00588989257812
2017-09-06,134.62435913085938
2017-09-07,134.4908447265625
2017-09-08,135.0249786376953
2017-09-11,136.05516052246094
2017-09-12,135.80715942382812
2017-09-13,135.50192260742188
2017-09-14,135.5209503173828
2017-09-15,135.5686798095703
2017-09-18,137.1615753173828
2017-09-19,138.63046264648438
2017-09-20,138.27755737304688
2017-09-21,137.81976318359375
2017-09-22,139.56527709960938
2017-09-25,138.0581817626953
2017-09-26,138.08680725097656
2017-09-27,137.69573974609375
2017-09-28,135.7403564453125
2017-09-29,135.57818603515625
2017-10-02,135.19668579101562
2017-10-03,135.30162048339844
2017-10-04,136.08372497558594
2017-10-05,136.26498413085938
2017-10-06,137.90048217773438
2017-10-09,137.69007873535156
2017-10-10,137.90048217773438
2017-10-11,137.4031524658203
2017-10-12,139.50730895996094
2017-10-13,139.30645751953125
2017-10-16,138.43612670898438
2017-10-17,139.16294860839844
2017-10-18,139.4212646484375
2017-10-19,140.23419189453125
2017-10-20,141.52542114257812
2017-10-23,140.90374755859375
2017-10-24,142.14710998535156
2017-10-25,142.95050048828125
2017-10-26,144.73912048339844
2017-10-27,146.77630615234375
2017-10-30,144.85386657714844
2017-10-31,144.44259643554688
2017-11-01,144.76780700683594
2017-11-02,145.52334594726562
2017-11-03,146.94851684570312
2017-11-06,146.03028869628906
2017-11-07,145.86767578125
2017-11-08,146.29806518554688
2017-11-09,145.77207946777344
2017-11-10,146.62330627441406
2017-11-13,148.14405822753906
2017-11-14,148.45008850097656
2017-11-15,147.15892028808594
2017-11-16,148.87091064453125
2017-11-17,149.73175048828125
2017-11-20,150.9081573486328
2017-11-21,145.1790313720703
2017-11-22,145.02603149414062
2017-11-24,147.20675659179688
2017-11-27,148.029296875
2017-11-28,149.0048828125
2017-11-29,147.50318908691406
2017-11-30,150.37254333496094
2017-12-01,149.62652587890625
2017-12-04,147.80931091308594
2017-12-05,147.7423095703125
2017-12-06,149.3874053955078
2017-12-07,148.78485107421875
2017-12-08,148.46923828125
2017-12-11,148.89959716796875
2017-12-12,149.06222534179688
2017-12-13,149.66481018066406
2017-12-14,149.3874053955078
2017-12-15,152.69671630859375
2017-12-18,154.11227416992188
2017-12-19,152.91671752929688
2017-12-20,152.40980529785156
2017-12-21,151.71156311035156
2017-12-22,151.5968017578125
2017-12-26,152.0081024169922
2017-12-27,151.81678771972656
2017-12-28,151.67332458496094
2017-12-29,150.9081573486328
2018-01-02,151.8072509765625
2018-01-03,152.2280731201172
2018-01-04,154.9539031982422
2018-01-05,156.96246337890625
2018-01-08,157.05813598632812
2018-01-09,158.04562377929688
2018-01-10,156.7609100341797
2018-01-11,156.27200317382812
2018-01-12,157.71966552734375
2018-01-16,155.59124755859375
2018-01-17,157.50869750976562
2018-01-18,157.6141357421875
2018-01-19,160.8163299560547
2018-01-22,161.70794677734375
2018-01-23,161.50660705566406
2018-01-24,160.6341552734375
2018-01-25,160.89305114746094
2018-01-26,163.4048614501953
2018-01-29,162.22564697265625
2018-01-30,161.54495239257812
2018-01-31,160.96966552734375
2018-02-01,158.81259155273438
2018-02-02,156.67462158203125
2018-02-05,151.1427764892578
2018-02-06,154.2299041748047
2018-02-07,154.632568359375
2018-02-08,146.44505310058594
2018-02-09,150.57717895507812
2018-02-12,152.80136108398438
2018-02-13,152.78225708007812
2018-02-14,157.13479614257812
2018-02-15,162.3214874267578
2018-02-16,164.60328674316406
2018-02-20,166.40570068359375
2018-02-21,166.16598510742188
2018-02-22,164.996337890625
2018-02-23,164.68954467773438
2018-02-26,165.54283142089844
2018-02-27,163.318603515625
2018-02-28,159.97265625
2018-03-01,157.556640625
2018-03-02,161.8708953857422
2018-03-05,163.1555938720703
2018-03-06,162.46536254882812
2018-03-07,163.6157989501953
2018-03-08,164.3923797607422
2018-03-09,169.85708618164062
2018-03-12,170.01048278808594
2018-03-13,170.34603881835938
2018-03-14,169.97215270996094
2018-03-15,170.58567810058594
2018-03-16,171.21844482421875
2018-03-19,168.48609924316406
2018-03-20,170.796630859375
2018-03-21,169.36813354492188
2018-03-22,167.61370849609375
2018-03-23,162.8583984375
2018-03-26,167.32606506347656
2018-03-27,166.098876953125
2018-03-28,163.87461853027344
2018-03-29,166.19476318359375
2018-04-02,162.86802673339844
2018-04-03,163.4336395263672
2018-04-04,165.90716552734375
2018-04-05,164.7375030517578
2018-04-06,160.75880432128906
2018-04-09,162.77679443359375
2018-04-10,164.62184143066406
2018-04-11,164.89089965820312
2018-04-12,166.85128784179688
2018-04-13,165.2753448486328
2018-04-16,168.45606994628906
2018-04-17,173.93350219726562
2018-04-18,174.11611938476562
2018-04-19,172.40565490722656
2018-04-20,171.17559814453125
2018-04-23,173.2608642578125
2018-04-24,171.59841918945312
2018-04-25,169.48431396484375
2018-04-26,177.9503173828125
2018-04-27,179.30526733398438
2018-04-30,177.5755615234375
2018-05-01,179.92991638183594
2018-05-02,178.6710662841797
2018-05-03,179.10348510742188
2018-05-04,182.0536499023437
2018-05-07,182.1593780517578
2018-05-08,182.74549865722656
2018-05-09,185.1479339599609
2018-05-10,186.7142791748047
2018-05-11,186.6181640625
2018-05-14,185.0710601806641
2018-05-15,182.3611602783203
2018-05-16,182.9762115478516
2018-05-17,182.3707733154297
2018-05-18,183.10107421875
2018-05-21,184.2061767578125
2018-05-22,183.10107421875
2018-05-23,188.5689239501953
2018-05-24,190.06802368164065
2018-05-25,189.3953552246093
2018-05-29,189.0205841064453
2018-05-30,193.2488250732422
2018-05-31,193.7292938232422
2018-06-01,196.1125030517578
2018-06-04,198.91845703125
2018-06-05,200.1004180908203
2018-06-06,201.3208465576172
2018-06-07,198.20738220214844
2018-06-08,198.20738220214844
2018-06-11,198.30340576171875
2018-06-12,199.3893585205078
2018-06-13,199.67762756347656
2018-06-14,200.91726684570312
2018-06-15,200.80191040039065
2018-06-18,200.99415588378903
2018-06-19,202.38751220703125
2018-06-20,205.1839294433593
2018-06-21,201.6091461181641
2018-06-22,197.9382781982422
2018-06-25,193.8638458251953
2018-06-26,194.2194061279297
2018-06-27,190.48123168945312
2018-06-28,196.05479431152344
2018-06-29,196.3334808349609
2018-07-02,197.4193725585937
2018-07-03,196.7659149169922
2018-07-05,197.0541839599609
2018-07-06,200.0235595703125
2018-07-09,199.99468994140625
2018-07-10,200.69754028320312
2018-07-11,201.4003295898437
2018-07-12,205.7616729736328
2018-07-13,205.7520446777344
2018-07-16,206.47409057617188
2018-07-17,208.4188690185547
2018-07-18,210.18072509765625
2018-07-19,207.9471435546875
2018-07-20,207.26356506347656
2018-07-23,209.2949676513672
2018-07-24,207.7642059326172
2018-07-25,209.1602020263672
2018-07-26,208.5728912353516
2018-07-27,204.4041290283203
2018-07-30,195.1327362060547
2018-07-31,196.6346435546875
2018-08-01,196.6539001464844
2018-08-02,198.0691833496093
2018-08-03,197.51077270507807
2018-08-06,199.7539825439453
2018-08-07,201.67955017089844
2018-08-08,202.2186737060547
2018-08-09,203.32586669921875
2018-08-10,203.15255737304688
2018-08-13,201.76622009277344
2018-08-14,202.84451293945312
2018-08-15,201.6699066162109
2018-08-16,201.8817138671875
2018-08-17,200.14874267578125
2018-08-20,199.6769561767578
2018-08-21,201.2270355224609
2018-08-22,201.8817138671875
2018-08-23,204.5389099121093
2018-08-24,208.5632781982422
2018-08-27,204.07681274414065
2018-08-28,207.88934326171875
2018-08-29,209.78599548339844
2018-08-30,210.48878479003903
2018-08-31,211.29751586914065
2018-09-04,212.52020263671875
2018-09-05,210.5465850830078
2018-09-06,211.6730194091797
2018-09-07,212.1158905029297
2018-09-10,216.35202026367188
2018-09-11,217.6036376953125
2018-09-12,217.27626037597656
2018-09-13,219.298080444336
2018-09-14,219.06704711914065
2018-09-17,217.07408142089844
2018-09-18,219.6831817626953
2018-09-19,212.655029296875
2018-09-20,213.20379638671875
2018-09-21,212.2314300537109
2018-09-24,210.748764038086
2018-09-25,213.6948089599609
2018-09-26,213.90660095214844
2018-09-27,214.52276611328125
2018-09-28,218.93223571777344
2018-10-01,219.2403106689453
2018-10-02,219.1440887451172
2018-10-03,222.7062530517578
2018-10-04,216.3038787841797
2018-10-05,214.03176879882807
2018-10-08,209.246826171875
2018-10-09,212.90359497070312
2018-10-10,197.2537841796875
2018-10-11,193.6355895996093
2018-10-12,204.3743438720703
2018-10-15,201.4412078857422
2018-10-16,207.3654022216797
2018-10-17,211.1379547119141
2018-10-18,205.20411682128903
2018-10-19,203.6796722412109
2018-10-22,205.7733612060547
2018-10-23,201.52801513671875
2018-10-24,194.3495635986328
2018-10-25,200.360580444336
2018-10-26,194.91883850097656
2018-10-29,193.61627197265625
2018-10-30,195.67141723632807
2018-10-31,203.58319091796875
2018-11-01,204.8953857421875
2018-11-02,205.4935913085937
2018-11-05,206.9022674560547
2018-11-06,206.1882781982422
2018-11-07,214.08074951171875
2018-11-08,215.3929138183593
2018-11-09,214.36053466796875
2018-11-12,205.387451171875
2018-11-13,205.3585205078125
2018-11-14,202.02012634277344
2018-11-15,206.998764038086
2018-11-16,204.00767517089844
2018-11-19,192.236572265625
2018-11-20,188.3192596435547
2018-11-21,191.4260406494141
2018-11-23,190.12355041503903
2018-11-26,194.33990478515625
2018-11-27,191.7637481689453
2018-11-28,201.5763092041016
2018-11-29,201.8367919921875
2018-11-30,206.9891052246093
2018-12-03,206.0146331787109
2018-12-04,200.3509063720703
2018-12-06,204.1138610839844
2018-12-07,195.34336853027344
2018-12-10,199.52117919921875
2018-12-11,198.86505126953125
2018-12-12,201.8271331787109
2018-12-13,201.11317443847656
2018-12-14,193.8671264648437
2018-12-17,190.548095703125
2018-12-18,191.1656036376953
2018-12-19,188.6955718994141
2018-12-20,185.3089599609375
2018-12-21,179.2786102294922
2018-12-24,176.32620239257812
2018-12-26,186.0229034423828
2018-12-27,190.3068389892578
2018-12-28,188.9656982421875
2018-12-31,189.9305877685547
2019-01-02,187.6341857910156
2019-01-03,181.89337158203125
2019-01-04,189.1104736328125
2019-01-07,191.99539184570312
2019-01-08,196.59768676757807
2019-01-09,195.9884033203125
2019-01-10,199.2764892578125
2019-01-11,199.36349487304688
2019-01-14,198.39645385742188
2019-01-15,202.90304565429688
2019-01-16,203.0771026611328
2019-01-17,204.7598114013672
2019-01-18,206.82940673828125
2019-01-22,205.34976196289065
2019-01-23,205.25308227539065
2019-01-24,205.1757049560547
2019-01-25,207.2452087402344
2019-01-28,204.1021881103516
2019-01-29,201.4717559814453
2019-01-30,207.05181884765625
2019-01-31,208.7152099609375
2019-02-01,207.39028930664065
2019-02-04,213.6376037597656
2019-02-05,217.09979248046875
2019-02-06,217.18679809570312
2019-02-07,213.6956329345703
2019-02-08,217.4285583496093
2019-02-11,218.0474853515625
2019-02-12,221.42263793945312
2019-02-13,221.0647735595703
2019-02-14,223.18272399902344
2019-02-15,225.6390838623047
2019-02-19,226.9059600830078
2019-02-20,228.2018280029297
2019-02-21,227.2928161621093
2019-02-22,242.67901611328125
2019-02-25,239.56504821777344
2019-02-26,240.71585083007807
2019-02-27,241.62496948242188
2019-02-28,238.99444580078125
2019-03-01,242.1664886474609
2019-03-04,240.8028717041016
2019-03-05,238.95574951171875
2019-03-06,238.7817230224609
2019-03-07,237.3504333496093
2019-03-08,237.7855834960937
2019-03-11,242.29217529296875
2019-03-12,242.0601043701172
2019-03-13,245.2998046875
2019-03-14,248.31707763671875
2019-03-15,249.63232421875
2019-03-18,249.2358245849609
2019-03-19,247.6304931640625
2019-03-20,247.56280517578125
2019-03-21,252.04031372070312
2019-03-22,244.3617706298828
2019-03-25,245.4739227294922
2019-03-26,247.56280517578125
2019-03-27,246.972885131836
2019-03-28,250.6864776611328
2019-03-29,252.80435180664065
2019-04-01,257.0015869140625
2019-04-02,259.42889404296875
2019-04-03,260.2218933105469
2019-04-04,253.9842224121093
2019-04-05,253.0848083496093
2019-04-08,252.17578125
2019-04-09,250.8291473388672
2019-04-10,251.0131225585937
2019-04-11,251.49758911132807
2019-04-12,251.95294189453125
2019-04-15,252.7473602294922
2019-04-16,249.94744873046875
2019-04-17,248.2810516357422
2019-04-18,249.7342834472656
2019-04-22,253.43521118164065
2019-04-23,257.3977355957031
2019-04-24,255.80889892578125
2019-04-25,255.6151123046875
2019-04-26,245.6749267578125
2019-04-29,240.00732421875
2019-04-30,243.23350524902344
2019-05-01,236.24826049804688
2019-05-02,238.28277587890625
2019-05-03,241.1020965576172
2019-05-06,240.73390197753903
2019-05-07,236.7907867431641
2019-05-08,236.5098114013672
2019-05-09,233.7777557373047
2019-05-10,237.00390625
2019-05-13,229.54396057128903
2019-05-14,233.47743225097656
2019-05-15,235.5603790283203
2019-05-16,239.8329315185547
2019-05-17,237.79840087890625
2019-05-20,236.0932464599609
2019-05-21,238.40875244140625
2019-05-22,239.81353759765625
2019-05-23,233.78746032714844
2019-05-24,249.453353881836
2019-05-28,247.72882080078125
2019-05-29,241.83834838867188
2019-05-30,240.3463897705078
2019-05-31,237.21707153320312
2019-06-03,230.64845275878903
2019-06-04,239.3969573974609
2019-06-05,244.2604217529297
2019-06-06,245.30679321289065
2019-06-07,249.44366455078125
2019-06-10,252.39859008789065
2019-06-11,248.7267303466797
2019-06-12,249.36618041992188
2019-06-13,249.1724090576172
2019-06-14,246.20779418945312
2019-06-17,246.7987823486328
2019-06-18,250.1702575683593
2019-06-19,254.462158203125
2019-06-20,258.34716796875
2019-06-21,253.35777282714844
2019-06-24,254.161865234375
2019-06-25,249.46304321289065
2019-06-26,248.50393676757807
2019-06-27,249.94744873046875
2019-06-28,253.183334350586
2019-07-01,255.96388244628903
2019-07-02,258.0275573730469
2019-07-03,261.7477722167969
2019-07-05,262.10626220703125
2019-07-08,262.6778869628906
2019-07-09,262.6972351074219
2019-07-10,266.7054443359375
2019-07-11,270.0148620605469
2019-07-12,273.3437805175781
2019-07-15,274.2171936035156
2019-07-16,272.596435546875
2019-07-17,272.3537902832031
2019-07-18,274.5374450683594
2019-07-19,271.0824279785156
2019-07-22,272.85845947265625
2019-07-23,273.5863647460937
2019-07-24,273.06231689453125
2019-07-25,273.295166015625
2019-07-26,275.4011535644531
2019-07-29,273.05255126953125
2019-07-30,271.3735656738281
2019-07-31,269.1316833496094
2019-08-01,269.76251220703125
2019-08-02,266.5404357910156
2019-08-05,255.7581024169922
2019-08-06,262.1246032714844
2019-08-07,260.64947509765625
2019-08-08,268.5397033691406
2019-08-09,268.4135437011719
2019-08-12,264.6091613769531
2019-08-13,270.9174499511719
2019-08-14,259.98956298828125
2019-08-15,260.5233459472656
2019-08-16,262.968994140625
2019-08-19,266.1425476074219
2019-08-20,264.7935485839844
2019-08-21,268.09326171875
2019-08-22,267.5788879394531
2019-08-23,270.5195007324219
2019-08-26,274.4306335449219
2019-08-27,274.85772705078125
2019-08-28,273.6250915527344
2019-08-29,278.47772216796875
2019-08-30,279.8558654785156
2019-09-03,275.8185119628906
2019-09-04,277.8662414550781
2019-09-05,283.6893310546875
2019-09-06,279.3123474121094
2019-09-09,267.76324462890625
2019-09-10,259.6692810058594
2019-09-11,258.2814636230469
2019-09-12,260.3388671875
2019-09-13,257.3982849121094
2019-09-16,257.98065185546875
2019-09-17,260.620361328125
2019-09-18,260.3583068847656
2019-09-19,262.0567932128906
2019-09-20,261.24151611328125
2019-09-23,261.0668640136719
2019-09-24,257.0391845703125
2019-09-25,258.5726013183594
2019-09-26,261.7655639648437
2019-09-27,255.4281463623047
2019-09-30,258.09698486328125
2019-10-01,256.50537109375
2019-10-02,252.7689514160156
2019-10-03,255.2437438964844
2019-10-04,259.2131042480469
2019-10-07,258.89288330078125
2019-10-08,253.2930145263672
2019-10-09,256.7355651855469
2019-10-10,260.16851806640625
2019-10-11,262.6385498046875
2019-10-14,261.6563415527344
2019-10-15,265.97418212890625
2019-10-16,261.743896484375
2019-10-17,259.1960144042969
2019-10-18,255.24771118164065
2019-10-21,254.985107421875
2019-10-22,246.3592224121093
2019-10-23,248.92657470703125
2019-10-24,251.77598571777344
2019-10-25,250.57977294921875
2019-10-28,251.493896484375
2019-10-29,251.3772125244141
2019-10-30,253.127685546875
2019-10-31,250.41441345214844
2019-11-01,249.4225616455078
2019-11-04,247.06912231445312
2019-11-05,246.1938934326172
2019-11-06,246.44674682617188
2019-11-07,252.2135162353516
2019-11-08,249.78233337402344
2019-11-11,250.92987060546875
2019-11-12,252.8262634277344
2019-11-13,254.54754638671875
2019-11-14,257.4941711425781
2019-11-15,258.7291259765625
2019-11-18,261.0145263671875
2019-11-19,264.7683410644531
2019-11-20,265.95477294921875
2019-11-21,263.6888427734375
2019-11-22,252.6609344482422
2019-11-25,249.99630737304688
2019-11-26,258.5639038085937
2019-11-27,254.9364471435547
2019-11-29,251.7662048339844
2019-12-02,249.4905548095703
2019-12-03,246.6995391845703
2019-12-04,247.25390625
2019-12-05,246.7968139648437
2019-12-06,249.13075256347656
2019-12-09,248.73208618164065
2019-12-10,245.37698364257807
2019-12-11,244.96853637695312
2019-12-12,245.795166015625
2019-12-13,252.4955291748047
2019-12-16,256.24932861328125
2019-12-17,253.23464965820312
2019-12-18,255.95755004882807
2019-12-19,256.7841796875
2019-12-20,259.7503356933594
2019-12-23,258.95281982421875
2019-12-24,257.0565490722656
2019-12-26,259.52667236328125
2019-12-27,259.7113952636719
2019-12-30,255.6074676513672
2019-12-31,254.72254943847656
2020-01-02,258.83612060546875
2020-01-03,257.1051940917969
2020-01-06,259.07928466796875
2020-01-07,259.1376342773437
2020-01-08,265.37127685546875
2020-01-09,267.8558654785156
2020-01-10,268.1969299316406
2020-01-13,268.9667053222656
2020-01-14,265.6928405761719
2020-01-15,266.004638671875
2020-01-16,269.7754211425781
2020-01-17,275.6022033691406
2020-01-21,277.70684814453125
2020-01-22,282.8418273925781
2020-01-23,281.1853332519531
2020-01-24,280.6981506347656
2020-01-27,276.4889831542969
2020-01-28,280.7762145996094
2020-01-29,278.5935363769531
2020-01-30,279.2853698730469
2020-01-31,273.1954650878906
2020-02-03,275.5534362792969
2020-02-04,283.46539306640625
2020-02-05,282.3839111328125
2020-02-06,286.67108154296875
2020-02-07,287.1583251953125
2020-02-10,290.1106872558594
2020-02-11,289.3116455078125
2020-02-12,290.99737548828125
2020-02-13,290.2081298828125
2020-02-14,296.4928283691406
2020-02-18,295.791259765625
2020-02-19,297.77899169921875
2020-02-20,293.52099609375
2020-02-21,289.9449768066406
2020-02-24,279.0904541015625
2020-02-25,277.5022888183594
2020-02-26,272.91290283203125
2020-02-27,261.88287353515625
2020-02-28,259.0378112792969
2020-03-02,273.9750061035156
2020-03-03,261.3665466308594
2020-03-04,278.2330017089844
2020-03-05,279.8211975097656
2020-03-06,269.10308837890625
2020-03-09,253.37667846679688
2020-03-10,262.7502136230469
2020-03-11,254.4290313720703
2020-03-12,231.84298706054688
2020-03-13,254.5556640625
2020-03-16,217.70477294921875
2020-03-17,233.0414428710937
2020-03-18,219.30279541015625
2020-03-19,210.3580017089844
2020-03-20,196.66799926757807
2020-03-23,189.73049926757807
2020-03-24,227.8285675048828
2020-03-25,226.6203155517578
2020-03-26,242.0251922607422
2020-03-27,223.8043670654297
2020-03-30,231.95016479492188
2020-03-31,224.10646057128903
2020-04-01,212.5308532714844
2020-04-02,219.4488983154297
2020-04-03,212.7938995361328
2020-04-06,233.96710205078125
2020-04-07,233.6163482666016
2020-04-08,239.6282501220703
2020-04-09,246.1706695556641
2020-04-13,244.2078857421875
2020-04-14,255.1738128662109
2020-04-15,246.033935546875
2020-04-16,251.38507080078125
2020-04-17,259.1187744140625
2020-04-20,257.79083251953125
2020-04-21,243.2900238037109
2020-04-22,257.6443176269531
2020-04-23,251.990478515625
2020-04-24,257.4588623046875
2020-04-27,265.43658447265625
2020-04-28,260.04644775390625
2020-04-29,266.9989624023437
2020-04-30,263.46417236328125
2020-05-01,254.9882659912109
2020-05-04,261.4819030761719
2020-05-05,268.0242614746094
2020-05-06,269.3815612792969
2020-05-07,274.19561767578125
2020-05-08,273.7659606933594
2020-05-11,281.0700378417969
2020-05-12,275.054931640625
2020-05-13,270.6412658691406
2020-05-14,273.6780700683594
2020-05-15,277.7012023925781
2020-05-18,283.5404968261719
2020-05-19,280.0057373046875
2020-05-20,283.65771484375
2020-05-21,283.1792907714844
2020-05-22,280.84552001953125
2020-05-26,275.562744140625
2020-05-27,274.59600830078125
2020-05-28,277.1934509277344
2020-05-29,283.49169921875
2020-06-01,283.1304626464844
2020-06-02,280.42559814453125
2020-06-03,283.2769470214844
2020-06-04,276.26580810546875
2020-06-05,281.333740234375
2020-06-08,286.15753173828125
2020-06-09,284.3997802734375
2020-06-10,288.9111633300781
2020-06-11,271.3345947265625
2020-06-12,274.0784912109375
2020-06-15,276.4805908203125
2020-06-16,281.7926940917969
2020-06-17,279.75177001953125
2020-06-18,280.4744567871094
2020-06-19,279.5858459472656
2020-06-22,287.2024230957031
2020-06-23,286.919189453125
2020-06-24,279.4002380371094
2020-06-25,281.9586181640625
2020-06-26,279.7811279296875
2020-06-29,281.1481628417969
2020-06-30,289.2236633300781
2020-07-01,295.4634094238281
2020-07-02,298.11932373046875
2020-07-06,302.3671264648437
2020-07-07,300.6875305175781
2020-07-08,303.0799865722656
2020-07-09,301.1822509765625
2020-07-10,300.83013916015625
2020-07-13,291.13671875
2020-07-14,279.1347961425781
2020-07-15,283.6342468261719
2020-07-16,279.4576416015625
2020-07-17,282.9495544433594
2020-07-20,292.193115234375
2020-07-21,291.3714904785156
2020-07-22,289.9629211425781
2020-07-23,285.1797790527344
2020-07-24,282.3724670410156
2020-07-27,289.6792907714844
2020-07-28,290.3150634765625
2020-07-29,295.5775146484375
2020-07-30,297.2991027832031
2020-07-31,299.6759338378906
2020-08-03,304.8894958496094
2020-08-04,303.8526916503906
2020-08-05,304.1558837890625
2020-08-06,305.4079284667969
2020-08-07,302.6690673828125
2020-08-10,297.5338134765625
2020-08-11,292.66265869140625
2020-08-12,298.0913391113281
2020-08-13,300.0085144042969
2020-08-14,298.8641357421875
2020-08-17,301.2800598144531
2020-08-18,302.15069580078125
2020-08-19,303.7646179199219
2020-08-20,313.0668029785156
2020-08-21,315.1894226074219
2020-08-24,325.841552734375
2020-08-25,329.0693664550781
2020-08-26,334.86004638671875
2020-08-27,337.4618530273437
2020-08-28,338.5476379394531
2020-08-31,337.84344482421875
2020-09-01,339.5942687988281
2020-09-02,346.4413452148437
2020-09-03,332.209228515625
2020-09-04,325.8316345214844
2020-09-08,313.810302734375
2020-09-09,321.0387268066406
2020-09-10,313.38970947265625
2020-09-11,308.1174011230469
2020-09-14,311.3550720214844
2020-09-15,315.4241638183594
2020-09-16,306.5328063964844
2020-09-17,300.5172424316406
2020-09-18,293.5722961425781
2020-09-21,300.9768371582031
2020-09-22,310.3475646972656
2020-09-23,298.2674560546875
2020-09-24,301.8474426269531
2020-09-25,311.5408935546875
2020-09-28,318.43682861328125
2020-09-29,316.56866455078125
2020-09-30,319.0823974609375
2020-10-01,325.0784606933594
2020-10-02,314.8568725585937
2020-10-05,324.1199035644531
2020-10-06,318.2705993652344
2020-10-07,327.5924072265625
2020-10-08,328.2489013671875
2020-10-09,334.9316711425781
2020-10-12,343.8680725097656
2020-10-13,342.5550842285156
2020-10-14,338.3514099121094
2020-10-15,335.0884704589844
2020-10-16,334.284912109375
2020-10-19,328.523193359375
2020-10-20,327.778564453125
2020-10-21,326.0931701660156
2020-10-22,325.14276123046875
2020-10-23,327.6904296875
2020-10-26,321.4877319335937
2020-10-27,323.62384033203125
2020-10-28,312.1006164550781
2020-10-29,319.0576171875
2020-10-30,308.3475646972656
2020-11-02,310.0526733398437
2020-11-03,318.1954345703125
2020-11-04,336.0976867675781
2020-11-05,343.8974914550781
2020-11-06,345.17138671875
2020-11-09,352.8927917480469
2020-11-10,335.3725891113281
2020-11-11,345.3085327148437
2020-11-12,342.4766845703125
2020-11-13,349.7669982910156
2020-11-16,349.874755859375
2020-11-17,351.5307006835937
2020-11-18,347.6015014648437
2020-11-19,354.1666259765625
2020-11-20,340.693359375
2020-11-23,336.4210510253906
2020-11-24,338.2534484863281
2020-11-25,343.4173889160156
2020-11-27,347.11151123046875
2020-11-30,344.9361572265625
2020-12-01,349.6395874023437
2020-12-02,348.3363952636719
2020-12-03,356.3811950683594
2020-12-04,361.1825256347656
2020-12-07,364.7003784179688
2020-12-08,365.09228515625
2020-12-09,356.8515319824219
2020-12-10,355.2053527832031
2020-12-11,356.9887390136719
2020-12-14,358.1547241210937
2020-12-15,353.17694091796875
2020-12-16,361.8292236328125
2020-12-17,372.6667175292969
2020-12-18,372.4609069824219
2020-12-21,368.3650512695313
2020-12-22,372.32373046875
2020-12-23,369.3351440429688
2020-12-24,373.4898071289063
2020-12-28,373.45062255859375
2020-12-29,370.7167663574219
2020-12-30,367.9927062988281
2020-12-31,372.2061767578125
2021-01-04,364.2201843261719
2021-01-05,361.4470825195313
2021-01-06,353.7354431152344
2021-01-07,361.21197509765625
2021-01-08,367.5128173828125
2021-01-11,365.4321899414063
2021-01-12,358.88592529296875
2021-01-13,358.1890869140625
2021-01-14,358.7288513183594
2021-01-15,364.1268615722656
2021-01-19,377.8082580566406
2021-01-20,382.2345581054688
2021-01-21,374.6675415039063
2021-01-22,367.8955993652344
2021-01-25,367.4833679199219
2021-01-26,367.8464965820313
2021-01-27,356.3734130859375
2021-01-28,363.0865173339844
2021-01-29,354.5283203125
2021-02-01,366.6491394042969
2021-02-02,376.98382568359375
2021-02-03,373.0972595214844
2021-02-04,385.44384765625
2021-02-05,382.1560974121094
2021-02-08,382.5093383789063
2021-02-09,384.2857971191406
2021-02-10,389.9193420410156
2021-02-11,401.23541259765625
2021-02-12,406.3094482421875
2021-02-16,414.4260864257813
2021-02-17,408.0956726074219
2021-02-18,407.6835632324219
2021-02-19,403.7184448242188
2021-02-22,394.1002502441406
2021-02-23,391.6858825683594
2021-02-24,405.5144958496094
2021-02-25,380.7820739746094
2021-02-26,382.9019165039063
2021-03-01,398.8701171875
2021-03-02,394.296630859375
2021-03-03,381.4985046386719
2021-03-04,369.34814453125
2021-03-05,375.11907958984375
2021-03-08,363.5478210449219
2021-03-09,377.4450988769531
2021-03-10,375.71771240234375
2021-03-11,391.7643737792969
2021-03-12,388.6041564941406
2021-03-15,389.4776306152344
2021-03-16,388.083984375
2021-03-17,384.45263671875
2021-03-18,367.0318603515625
2021-03-19,374.206298828125
2021-03-22,375.9140319824219
2021-03-23,376.0906982421875
2021-03-24,370.2903747558594
2021-03-25,365.4812622070313
2021-03-26,369.5934753417969
2021-03-29,367.66986083984375
2021-03-30,366.7276611328125
2021-03-31,375.9533081054688
2021-04-01,387.89752197265625
2021-04-05,394.6793518066406
2021-04-06,393.7567443847656
2021-04-07,393.6094970703125
2021-04-08,403.68896484375
2021-04-09,410.4510498046875
2021-04-12,408.7998352050781
2021-04-13,411.7582702636719
2021-04-14,404.23931884765625
2021-04-15,410.4019165039063
2021-04-16,408.6917419433594
2021-04-19,395.3936462402344
2021-04-20,398.4208984375
2021-04-21,401.9395446777344
2021-04-22,399.8066711425781
2021-04-23,407.8071899414063
2021-04-26,411.119384765625
2021-04-27,408.986572265625
2021-04-28,408.6720581054688
2021-04-29,409.01605224609375
2021-04-30,405.0945129394531
2021-05-03,404.2885437011719
2021-05-04,390.8037109375
2021-05-05,385.3193664550781
2021-05-06,387.31451416015625
2021-05-07,394.16510009765625
2021-05-10,385.810791015625
2021-05-11,388.2187805175781
2021-05-12,393.0348205566406
2021-05-13,396.60260009765625
2021-05-14,410.1070556640625
2021-05-17,412.2300415039063
2021-05-18,410.2741088867188
2021-05-19,413.9794921875
2021-05-20,427.8082580566406
2021-05-21,425.9998779296875
2021-05-24,432.8601989746094
2021-05-25,431.4644775390625
2021-05-26,435.2190246582031
2021-05-27,424.7024536132813
2021-05-28,431.5627746582031
2021-06-01,431.1401977539063
2021-06-02,437.8040161132813
2021-06-03,442.8362426757813
2021-06-04,454.0112609863281
2021-06-07,449.37213134765625
2021-06-08,457.2841796875
2021-06-09,460.3015747070313
2021-06-10,463.2501525878906
2021-06-11,464.06591796875
2021-06-14,468.7934875488281
2021-06-15,462.6408386230469
2021-06-16,461.2942199707031
2021-06-17,466.59185791015625
2021-06-18,465.2846374511719
2021-06-21,469.70745849609375
2021-06-22,469.3733520507813
2021-06-23,470.38568115234375
2021-06-24,474.3465881347656
2021-06-25,477.757080078125
2021-06-28,478.64166259765625
2021-06-29,482.97607421875
2021-06-30,481.7672424316406
2021-07-01,482.632080078125
2021-07-02,489.1091003417969
2021-07-06,492.3820190429688
2021-07-07,497.4142456054688
2021-07-08,497.4142456054688
2021-07-09,495.8693542480469
2021-07-12,497.0206604003906
2021-07-13,498.5852355957031
2021-07-14,497.4732666015625
2021-07-15,495.1215515136719
2021-07-16,493.4880981445313
2021-07-19,490.8017272949219
2021-07-20,500.42529296875
2021-07-21,506.2210693359375
2021-07-22,512.9713745117188
2021-07-23,519.9775390625
2021-07-26,520.8433837890625
2021-07-27,514.5457763671875
2021-07-28,514.7327880859375
2021-07-29,517.1041870117188
2021-07-30,521.4927978515625
2021-08-02,519.0721435546875
2021-08-03,521.6995239257812
2021-08-04,527.4853515625
2021-08-05,529.4042358398438
2021-08-06,525.7437133789062
2021-08-09,526.668701171875
2021-08-10,521.6502685546875
2021-08-11,523.7166748046875
2021-08-12,528.3317260742188
2021-08-13,532.090576171875
2021-08-16,534.25537109375
2021-08-17,527.2886352539062
2021-08-18,524.4547119140625
2021-08-19,534.7474365234375
2021-08-20,536.57763671875
2021-08-23,543.6526489257812
2021-08-24,545.1582641601562
2021-08-25,546.7227172851562
2021-08-26,543.8002319335938
2021-08-27,556.887451171875
2021-08-30,556.5234375
2021-08-31,557.0548095703125
2021-09-01,554.1224975585938
2021-09-02,550.8358764648438
2021-09-03,554.2405395507812
2021-09-07,551.5050048828125
2021-09-08,558.5111083984375
2021-09-09,558.6685180664062
2021-09-10,558.3045654296875
2021-09-13,548.5037231445312
2021-09-14,559.1803588867188
2021-09-15,562.9588012695312
2021-09-16,563.7164916992188
2021-09-17,552.8629760742188
2021-09-20,545.5321044921875
2021-09-21,546.3684692382812
2021-09-22,553.797607421875
2021-09-23,568.134765625
2021-09-24,568.6759643554688
2021-09-27,557.9403686523438
2021-09-28,536.2922973632812
2021-09-29,538.1815795898438
2021-09-30,530.8801879882812
2021-10-01,535.2689208984375
2021-10-04,516.9467163085938
2021-10-05,524.8187866210938
2021-10-06,526.0586547851562
2021-10-07,529.8026123046875
2021-10-08,523.2900390625
2021-10-11,517.6642456054688
2021-10-12,519.2800903320312
2021-10-13,527.0537109375
2021-10-14,535.763427734375
2021-10-15,544.0198364257812
2021-10-18,556.2371215820312
2021-10-19,564.3555908203125
2021-10-20,562.119140625
2021-10-21,569.82373046875
2021-10-22,582.0902099609375
2021-10-25,593.6768798828125
2021-10-26,599.6376953125
2021-10-27,604.091064453125
2021-10-28,606.3375244140625
2021-10-29,616.7614135742188
2021-11-01,599.8347778320312
2021-11-02,609.2735595703125
2021-11-03,613.6874389648438
2021-11-04,616.4561157226562
2021-11-05,605.923583984375
2021-11-08,606.1796875
2021-11-09,603.7462768554688
2021-11-10,595.075927734375
2021-11-11,597.92333984375
2021-11-12,617.7467041015625
2021-11-15,616.9093017578125
2021-11-16,636.239990234375
2021-11-17,625.69775390625
2021-11-18,619.6679077148438
2021-11-19,682.1333618164062
2021-11-22,651.8760375976562
2021-11-23,660.7433471679688
2021-11-24,673.916259765625
2021-11-26,657.078125
2021-11-29,684.4190063476562
2021-11-30,642.68359375
2021-12-01,654.102783203125
2021-12-02,662.2113647460938
2021-12-03,638.4075317382812
2021-12-06,635.826171875
2021-12-07,663.3739624023438
2021-12-08,663.1375732421875
2021-12-09,655.6988525390625
2021-12-10,667.9554443359375
2021-12-13,658.8811645507812
2021-12-14,630.052490234375
2021-12-15,637.944580078125
2021-12-16,624.614013671875
2021-12-17,611.1258544921875
2021-12-20,595.7164306640625
2021-12-21,611.9139404296875
2021-12-22,622.3478393554688
2021-12-23,626.3382568359375
2021-12-27,643.1466674804688
2021-12-28,640.2008056640625
2021-12-29,638.4765625
2021-12-30,633.8754272460938
2021-12-31,633.7374267578125
2022-01-03,622.1607055664062
2022-01-04,609.20458984375
2022-01-05,584.9474487304688
2022-01-06,577.7453002929688
2022-01-07,559.842041015625
2022-01-10,562.4362182617188
2022-01-11,570.8502197265625
2022-01-12,569.41015625
2022-01-13,545.401123046875
2022-01-14,543.3001098632812
2022-01-18,530.5064086914062
2022-01-19,537.93408203125
2022-01-20,537.2140502929688
2022-01-21,521.3624877929688
2022-01-24,527.4091186523438
2022-01-25,508.9733276367188
2022-01-26,500.5790100097656
2022-01-27,510.1866149902344
2022-01-28,527.5472412109375
2022-01-31,547.6796264648438
2022-02-01,553.2034912109375
2022-02-02,554.653564453125
2022-02-03,528.3068237304688
2022-02-04,536.6221923828125
2022-02-07,537.864990234375
2022-02-08,546.6932983398438
2022-02-09,571.5211181640625
2022-02-10,549.997802734375
2022-02-11,528.5238037109375
2022-02-14,521.8557739257812
2022-02-15,520.60302734375
2022-02-16,520.968017578125
2022-02-17,489.4327087402344
2022-02-18,474.6564331054688
2022-02-22,476.6785278320313
2022-02-23,460.6495056152344
2022-02-24,490.3698120117188
2022-02-25,480.5550842285156
2022-02-28,467.9193115234375
2022-03-01,462.2080078125
2022-03-02,479.39111328125
2022-03-03,466.2720031738281
2022-03-04,458.62738037109375
2022-03-07,431.4421691894531
2022-03-08,436.1966552734375
2022-03-09,458.4202270507813
2022-03-10,446.2184448242188
2022-03-11,433.3459777832031
2022-03-14,418.8556823730469
2022-03-15,433.7010192871094
2022-03-16,451.6732482910156
2022-03-17,467.3077087402344
2022-03-18,473.3444519042969
2022-03-21,460.15631103515625
2022-03-22,469.5172119140625
2022-03-23,455.16510009765625
2022-03-24,459.2981567382813
2022-03-25,453.1035461425781
2022-03-28,473.9659729003906
2022-03-29,478.7598571777344
2022-03-30,465.5322570800781
2022-03-31,474.3013305664063
2022-04-01,477.3493347167969
2022-04-04,498.77392578125
2022-04-05,489.304443359375
2022-04-06,483.54388427734375
2022-04-07,488.2786560058594
2022-04-08,476.9292602539063
2022-04-11,467.5455322265625
2022-04-12,455.9690551757813
2022-04-13,464.6613159179688
2022-04-14,459.4163208007813
2022-04-18,463.2982177734375
2022-04-19,479.1319274902344
2022-04-20,476.05023193359375
2022-04-21,459.94970703125
2022-04-22,437.8634338378906
2022-04-25,441.4588623046875
2022-04-26,416.1920471191406
2022-04-27,413.12994384765625
2022-04-28,439.1376037597656
2022-04-29,413.6238708496094
2022-05-02,421.7827453613281
2022-05-03,425.5658264160156
2022-05-04,442.4367980957031
2022-05-05,404.8426818847656
2022-05-06,390.8659057617188
2022-05-09,362.5172424316406
2022-05-10,366.6460571289063
2022-05-11,351.8099060058594
2022-05-12,349.5578308105469
2022-05-13,367.2090759277344
2022-05-16,355.1880798339844
2022-05-17,367.3176879882813
2022-05-18,348.98492431640625
2022-05-19,357.8945617675781
2022-05-20,363.2778015136719
2022-05-23,366.8238220214844
2022-05-24,354.57568359375
2022-05-25,383.69476318359375
2022-05-26,401.4447937011719
2022-05-27,417.3081970214844
2022-05-31,409.3863525390625
2022-06-01,403.3708801269531
2022-06-02,421.6345520019531
2022-06-03,403.9438171386719
2022-06-06,403.9635314941406
2022-06-07,411.5495300292969
2022-06-08,409.3863525390625
2022-06-09,395.6466369628906
2022-06-10,376.5532836914063
2022-06-13,359.5341796875
2022-06-14,360.3145446777344
2022-06-15,373.9061279296875
2022-06-16,355.22760009765625
2022-06-17,365.1841735839844
2022-06-21,372.80963134765625
2022-06-22,376.1779174804688
2022-06-23,395.84417724609375
2022-06-24,412.5077209472656
2022-06-27,399.76556396484375
2022-06-28,381.5611877441406
2022-06-29,384.8899536132813
2022-06-30,380.72161865234375
2022-07-01,383.5564575195313
2022-07-05,395.3207092285156
2022-07-06,399.9532775878906
2022-07-07,405.8107299804688
2022-07-08,402.4961853027344
2022-07-11,398.2912902832031
2022-07-12,381.77825927734375
2022-07-13,379.2454223632813
2022-07-14,375.8418273925781
2022-07-15,388.7930603027344
2022-07-18,384.1329956054688
2022-07-19,399.5774841308594
2022-07-20,415.9915466308594
2022-07-21,430.0904846191406
2022-07-22,430.1300659179688
2022-07-25,421.6806335449219
2022-07-26,409.82763671875
2022-07-27,428.5668029785156
2022-07-28,443.8331909179688
2022-07-29,451.3328247070313
2022-08-01,443.7045593261719
2022-08-02,442.2303466796875
2022-08-03,460.8111877441406
2022-08-04,461.3553466796875
2022-08-05,464.016845703125
2022-08-08,461.81048583984375
2022-08-09,457.1702270507813
2022-08-10,473.0202941894531
2022-08-11,473.6931457519531
2022-08-12,481.49951171875
2022-08-15,484.0422058105469
2022-08-16,483.00335693359375
2022-08-17,473.2281188964844
2022-08-18,472.6939086914063
2022-08-19,459.0302734375
2022-08-22,441.3893432617188
2022-08-23,444.7928771972656
2022-08-24,460.8309326171875
2022-08-25,460.9101867675781
2022-08-26,443.7045593261719
2022-08-29,432.1681823730469
2022-08-30,428.6063537597656
2022-08-31,427.201416015625
2022-09-01,420.988037109375
2022-09-02,415.6056823730469
2022-09-06,414.3194885253906
2022-09-07,430.6742248535156
2022-09-08,434.3844299316406
2022-09-09,445.25787353515625
2022-09-12,450.5412902832031
2022-09-13,424.757568359375
2022-09-14,432.207763671875
2022-09-15,417.6438598632813
2022-09-16,418.5145263671875
2022-09-19,419.19720458984375
2022-09-20,413.3894653320313
2022-09-21,404.3463745117188
2022-09-22,392.5032653808594
2022-09-23,389.7923583984375
2022-09-26,391.60296630859375
2022-09-27,396.5202331542969
2022-09-28,404.9499206542969
2022-09-29,392.6022338867188
2022-09-30,383.212890625
2022-10-03,392.5923767089844
2022-10-04,407.6410827636719
2022-10-05,409.19439697265625
2022-10-06,407.7273559570313
2022-10-07,389.5277099609375
2022-10-10,384.2541809082031
2022-10-11,380.1305236816406
2022-10-12,384.6704406738281
2022-10-13,392.3230590820313
2022-10-14,376.7899169921875
2022-10-17,400.2135314941406
2022-10-18,405.0806579589844
2022-10-19,398.5581359863281
2022-10-20,397.6461791992188
2022-10-21,413.5361328125
2022-10-24,414.111083984375
2022-10-25,428.3059692382813
2022-10-26,420.6831665039063
2022-10-27,418.3140563964844
2022-10-28,428.0185241699219
2022-10-31,423.7660217285156
2022-11-01,391.3218994140625
2022-11-02,381.6669616699219
2022-11-03,361.8019714355469
2022-11-04,358.0351867675781
2022-11-07,366.8772583007813
2022-11-08,379.22845458984375
2022-11-09,365.3309020996094
2022-11-10,399.7178649902344
2022-11-11,404.4759826660156
2022-11-14,394.1866455078125
2022-11-15,403.4648742675781
2022-11-16,390.2215881347656
2022-11-17,378.5444946289063
2022-11-18,376.7502746582031
2022-11-21,371.72454833984375
2022-11-22,388.8041076660156
2022-11-23,392.3924560546875
2022-11-25,389.0419616699219
2022-11-28,382.2716369628906
2022-11-29,376.3934326171875
2022-11-30,404.0299072265625
2022-12-01,412.4358825683594
2022-12-02,404.3570556640625
2022-12-05,391.6886596679688
2022-12-06,386.37548828125
2022-12-07,385.2553405761719
2022-12-08,401.8193664550781
2022-12-09,396.337646484375
2022-12-12,407.1920471191406
2022-12-13,424.6482849121094
2022-12-14,415.2609558105469
2022-12-15,393.0664978027344
2022-12-16,381.6174011230469
2022-12-19,380.1701354980469
2022-12-20,383.6990356445313
2022-12-21,389.8944396972656
2022-12-22,380.5963745117188
2022-12-23,381.1316833496094
2022-12-27,379.7637023925781
2022-12-28,373.2114562988281
2022-12-29,387.4559631347656
2022-12-30,385.8203430175781
2023-01-03,387.7632446289063
2023-01-04,388.1498107910156
2023-01-05,372.3391723632813
2023-01-06,383.1439514160156
2023-01-09,392.6793212890625
2023-01-10,386.0641479492188
2023-01-11,392.6495361328125
2023-01-12,394.03021240234375
2023-01-13,390.5636901855469
2023-01-17,387.5739440917969
2023-01-18,383.4717102050781
2023-01-19,376.0520324707031
2023-01-20,395.3909912109375
2023-01-23,407.24066162109375
2023-01-24,398.8475341796875
2023-01-25,399.1951599121094
2023-01-26,409.7734680175781
2023-01-27,419.7757263183594
2023-01-30,413.6472778320313
2023-01-31,419.825439453125
2023-02-01,432.6187438964844
2023-02-02,449.1169128417969
2023-02-03,420.9081115722656
2023-02-06,412.1970825195313
2023-02-07,424.7917785644531
2023-02-08,418.9016418457031
2023-02-09,416.9151306152344
2023-02-10,410.7369995117188
2023-02-13,415.2762145996094
2023-02-14,419.130126953125
2023-02-15,418.405029296875
2023-02-16,405.6117248535156
2023-02-17,401.6585083007813
2023-02-21,393.5931396484375
2023-02-22,403.64501953125
2023-02-23,409.1080017089844
2023-02-24,416.9846801757813
2023-02-27,409.843017578125
2023-02-28,404.4396362304688
2023-03-01,398.5694274902344
2023-03-02,397.6755065917969
2023-03-03,405.7706298828125
2023-03-06,409.9324340820313
2023-03-07,406.5354614257813
2023-03-08,413.8658142089844
2023-03-09,401.8571166992188
2023-03-10,389.9676818847656
2023-03-13,388.9248046875
2023-03-14,405.5520935058594
2023-03-15,403.58544921875
2023-03-16,415.3358154296875
2023-03-17,410.9058532714844
2023-03-20,409.0682678222656
2023-03-21,419.189697265625
2023-03-22,411.42236328125
2023-03-23,429.5793151855469
2023-03-24,426.6789855957031
2023-03-27,424.066650390625
2023-03-28,416.50787353515625
2023-03-29,430.3739318847656
2023-03-30,437.128173828125
2023-03-31,442.82952880859375
2023-04-03,437.7043151855469
2023-04-04,436.8500671386719
2023-04-05,436.1944580078125
2023-04-06,444.5428466796875
2023-04-10,442.5130004882813
2023-04-11,435.3288269042969
2023-04-12,432.9307861328125
2023-04-13,439.617431640625
2023-04-14,439.4283752441406
2023-04-17,437.9059448242188
2023-04-18,440.3935546875
2023-04-19,443.2791748046875
2023-04-20,445.1796875
2023-04-21,444.1846618652344
2023-04-24,440.1249084472656
2023-04-25,417.7464904785156
2023-04-26,411.6469421386719
2023-04-27,427.03021240234375
2023-04-28,441.746826171875
2023-05-01,440.31396484375
2023-05-02,434.2939758300781
2023-05-03,427.5177612304688
2023-05-04,420.3534851074219
2023-05-05,423.836181640625
2023-05-08,424.771484375
2023-05-09,425.55755615234375
2023-05-10,429.3784790039063
2023-05-11,422.7814025878906
2023-05-12,425.4978637695313
2023-05-15,424.0948486328125
2023-05-16,419.3186645507813
2023-05-17,429.716796875
2023-05-18,445.4383850097656
2023-05-19,443.81646728515625
2023-05-22,451.85638427734375
2023-05-23,447.5677795410156
2023-05-24,413.85589599609375
2023-05-25,411.0499267578125
2023-05-26,416.3534851074219
2023-05-30,404.07470703125
2023-05-31,417.0400695800781
2023-06-01,420.025146484375
2023-06-02,428.3536071777344
2023-06-05,440.642333984375
2023-06-06,446.2642517089844
2023-06-07,420.2639465332031
2023-06-08,421.2590026855469
2023-06-09,429.4083251953125
2023-06-12,443.9060363769531
2023-06-13,445.3289489746094
2023-06-14,444.0055541992188
2023-06-15,454.0454711914063
2023-06-16,452.7718505859375
2023-06-20,452.871337890625
2023-06-21,448.2941589355469
2023-06-22,448.6026306152344
2023-06-23,450.4434509277344
2023-06-26,451.0504150390625
2023-06-27,456.7519836425781
2023-06-28,457.3489990234375
2023-06-29,453.5579223632813
2023-06-30,455.9161376953125
2023-07-03,449.3289794921875
2023-07-05,455.56787109375
2023-07-06,449.2593383789063
2023-07-07,446.737548828125
2023-07-10,462.8252258300781
2023-07-11,462.197265625
2023-07-12,475.2947082519531
2023-07-13,479.79010009765625
2023-07-14,482.4215087890625
2023-07-17,489.2294006347656
2023-07-18,493.824462890625
2023-07-19,498.9378356933594
2023-07-20,490.1863098144531
2023-07-21,490.9238586425781
2023-07-24,486.9169006347656
2023-07-25,494.861083984375
2023-07-26,495.2497863769531
2023-07-27,494.9208679199219
2023-07-28,510.1812744140625
2023-07-31,510.041748046875
2023-08-01,506.8520812988281
2023-08-02,496.43597412109375
2023-08-03,495.3694458007813
2023-08-04,495.3694458007813
2023-08-07,503.6225891113281
2023-08-08,499.1870422363281
2023-08-09,495.0903625488281
2023-08-10,499.8448791503906
2023-08-11,496.1568603515625
2023-08-14,504.1608581542969
2023-08-15,495.5687561035156
2023-08-16,494.0437316894531
2023-08-17,484.8735656738281
2023-08-18,484.3851318359375
2023-08-21,486.6777038574219
2023-08-22,486.31884765625
2023-08-23,499.2368469238281
2023-08-24,496.8844909667969
2023-08-25,517.3678588867188
2023-08-28,517.1884765625
2023-08-29,534.7514038085938
2023-08-30,538.8281860351562
2023-08-31,540.0541381835938
2023-09-01,547.81884765625
2023-09-05,548.7957153320312
2023-09-06,549.16455078125
2023-09-07,551.81591796875
2023-09-08,548.7758178710938
2023-09-11,547.5198974609375
2023-09-12,544.2305908203125
2023-09-13,540.1937255859375
2023-09-14,545.8253784179688
2023-09-15,536.3362426757812
2023-09-18,533.2761840820312
2023-09-19,527.4750366210938
2023-09-20,521.8931884765625
2023-09-21,502.7354736328125
2023-09-22,506.921875
2023-09-25,506.6627197265625
2023-09-26,501.5592956542969
2023-09-27,506.5929260253906
2023-09-28,510.5799560546875
2023-09-29,509.2841796875
2023-10-02,516.1219482421875
2023-10-03,505.8354187011719
2023-10-04,515.7830810546875
2023-10-05,515.5234375
2023-10-06,532.4978637695312
2023-10-09,534.1054077148438
2023-10-10,539.297607421875
2023-10-11,540.7654418945312
2023-10-12,542.5926513671875
2023-10-13,532.2482299804688
2023-10-16,540.0864868164062
2023-10-17,537.9696655273438
2023-10-18,526.626708984375
2023-10-19,520.735595703125
2023-10-20,506.0477294921875
2023-10-23,503.27191162109375
2023-10-24,505.0592346191406
2023-10-25,482.3034973144531
2023-10-26,478.7288818359375
2023-10-27,478.79876708984375
2023-10-30,486.7667541503906
2023-10-31,494.20556640625
2023-11-01,488.4342651367188
2023-11-02,499.5974426269531
2023-11-03,497.7602233886719
2023-11-06,499.7472229003906
2023-11-07,513.1370239257812
2023-11-08,521.5942993164062
2023-11-09,513.7660522460938
2023-11-10,528.0945434570312
2023-11-13,531.3795776367188
2023-11-14,554.6845092773438
2023-11-15,554.7044067382812
2023-11-16,556.1123046875
2023-11-17,559.3174438476562
2023-11-20,563.6509399414062
2023-11-21,561.3344116210938
2023-11-22,563.38134765625
2023-11-24,563.2216186523438
2023-11-27,560.3858642578125
2023-11-28,564.2200927734375
2023-11-29,576.36181640625
2023-11-30,570.6005249023438
2023-12-01,573.4561767578125
2023-12-04,569.6119384765625
2023-12-05,570.9200439453125
2023-12-06,565.3783569335938
2023-12-07,570.6304321289062
2023-12-08,573.036865234375
2023-12-11,585.777587890625
2023-12-12,593.2863159179688
2023-12-13,609.3021850585938
2023-12-14,600.2757568359375
2023-12-15,607.5947875976562
2023-12-18,617.4998168945312
2023-12-19,620.5253295898438
2023-12-20,614.783935546875
2023-12-21,620.0559692382812
2023-12-22,623.13134765625
2023-12-26,623.91015625
2023-12-27,628.1737670898438
2023-12-28,627.075439453125
2023-12-29,624.0899658203125
